"Name","TID","FileName","ExportName","WalkByExportName","VariationCount","Layer","LowendLayer","EditorEnvironment","HideFromEditor","DropGoldMin","DropGoldMax","Breakable","PassableBreakable","BreakOnAreaDamage","ShadowScaleX","ShadowScaleY","ShadowX","ShadowY","ShadowSkew","ShadowRotate","ShadowCustom","CollisionRadius","CollisionW","CollisionH","Effect","DeathEffect","DeathEffect2","AssetMinTrophy","AssetMinTrophyScore","AssetMinTrophyFileName","SortValue","Audience","CheerFileName","CheerExportName","ClassType","TrainsTroops","AreaDamageRadius","AreaDamage","Lifetime","SpawnsObstacle","CanClear","ClearTime","ClearCost","ClearEffect","TileSet","TileSetEdge","SpawnAreaEffectObject"
"string","string","string","string","string","int","string","string","string","boolean","int","int","boolean","boolean","boolean","int","int","int","int","int","int","string","int","int","int","string","string","string","string","int","string","int","boolean","string","string","string","boolean","int","int","int","String","boolean","int","int","string","string","string","string"
"env_forest_bush_01","TID_DECO_NAME","sc/level_forest.sc","env_forest_bush_01",,,"Object","Ground","Forest",,,,"true",,"true",90,90,-4,0,10,,,,2000,2000,,"tombstone_die",,,,,,,,,,,,,,,"true",,25,"death_pixel_01",,,
"env_forest_bush_02","TID_DECO_NAME","sc/level_forest.sc","env_forest_bush_02",,,"Object","Ground","Forest",,,,"true",,"true",90,90,-4,0,10,,,,1000,1000,,"tombstone_die",,,,,,,,,,,,,,,"true",,25,"death_pixel_01",,,
"Empty_001","TID_DECO_NAME","sc/ui.sc","texture_missing_icon",,,"Object","Ground","Forest",,,,,,,,,,,,,,,,,,,,,,,,,,,,,,,,,,,,,,,
"Empty_002","TID_DECO_NAME","sc/ui.sc","texture_missing_icon",,,"Object","Ground","Forest",,,,,,,,,,,,,,,,,,,,,,,,,,,,,,,,,,,,,,,
"Empty_003","TID_DECO_NAME","sc/ui.sc","texture_missing_icon",,,"Object","Ground","Forest",,,,,,,,,,,,,,,,,,,,,,,,,,,,,,,,,,,,,,,
"Empty_004","TID_DECO_NAME","sc/ui.sc","texture_missing_icon",,,"Object","Ground","Forest",,,,,,,,,,,,,,,,,,,,,,,,,,,,,,,,,,,,,,,
"Empty_005","TID_DECO_NAME","sc/ui.sc","texture_missing_icon",,,"Object","Ground","Forest",,,,,,,,,,,,,,,,,,,,,,,,,,,,,,,,,,,,,,,
"env_forest_dirt_01","TID_DECO_NAME","sc/level_forest.sc","env_forest_dirt_01",,,"Ground","Ground","Forest",,,,,,,,,,,,,,,,,,,,,,,,,,,,,,,,,,,,,,,
"env_forest_dirt_02","TID_DECO_NAME","sc/level_forest.sc","env_forest_dirt_02",,,"Ground","Ground","Forest",,,,,,,,,,,,,,,,,,,,,,,,,,,,,,,,,,,,,,,
"env_forest_dirt_03","TID_DECO_NAME","sc/level_forest.sc","env_forest_dirt_03",,,"Ground","Ground","Forest",,,,,,,,,,,,,,,,,,,,,,,,,,,,,,,,,,,,,,,
"env_forest_dirt_04","TID_DECO_NAME","sc/level_forest.sc","env_forest_dirt_04",,,"Ground","Ground","Forest",,,,,,,,,,,,,,,,,,,,,,,,,,,,,,,,,,,,,,,
"env_forest_dirt_05","TID_DECO_NAME","sc/level_forest.sc","env_forest_dirt_05",,,"Ground","Ground","Forest",,,,,,,,,,,,,,,,,,,,,,,,,,,,,,,,,,,,,,,
"env_forest_grass_01","TID_DECO_NAME","sc/level_forest.sc","env_forest_grass_01",,,"Base","Ground","Forest",,,,,,,,,,,,,,,,,,,,,,,,,,,,,,,,,,,,,,,
"env_forest_grass_02","TID_DECO_NAME","sc/level_forest.sc","env_forest_grass_02",,,"Base","Ground","Forest",,,,,,,,,,,,,,,,,,,,,,,,,,,,,,,,,,,,,,,
"env_forest_grass_03","TID_DECO_NAME","sc/level_forest.sc","env_forest_grass_03",,,"Base","Ground","Forest",,,,,,,,,,,,,,,,,,,,,,,,,,,,,,,,,,,,,,,
"env_forest_grass_04","TID_DECO_NAME","sc/level_forest.sc","env_forest_grass_04",,,"Base","Ground","Forest",,,,,,,,,,,,,,,,,,,,,,,,,,,,,,,,,,,,,,,
"env_forest_grass_05","TID_DECO_NAME","sc/level_forest.sc","env_forest_grass_05",,,"Base","Ground","Forest",,,,,,,,,,,,,,,,,,,,,,,,,,,,,,,,,,,,,,,
"env_forest_grass_06","TID_DECO_NAME","sc/level_forest.sc","env_forest_grass_06",,,"Base","Ground","Forest",,,,,,,,,,,,,,,,,,,,,,,,,,,,,,,,,,,,,,,
"env_forest_leaf_01","TID_DECO_NAME","sc/level_forest.sc","env_forest_leaf_01",,,"Object","Ground","Forest",,,,,"true","true",90,90,-4,4,10,,,,,,,,,,,,,,,,,,,,,,,,,,,,
"env_forest_leaf_02","TID_DECO_NAME","sc/level_forest.sc","env_forest_leaf_02",,,"Object","Ground","Forest",,,,,"true","true",90,90,-4,4,10,,,,,,,,,,,,,,,,,,,,,,,,,,,,
"env_forest_leaf_03","TID_DECO_NAME","sc/level_forest.sc","env_forest_leaf_03",,,"Object","Ground","Forest",,,,,"true","true",90,90,-4,4,10,,,,,,,,,,,,,,,,,,,,,,,,,,,,
"env_forest_leaf_04","TID_DECO_NAME","sc/level_forest.sc","env_forest_leaf_04",,,"Object","Ground","Forest",,,,,"true","true",90,90,-4,4,10,,,,,,,,,,,,,,,,,,,,,,,,,,,,
"env_forest_leaf_05","TID_DECO_NAME","sc/level_forest.sc","env_forest_leaf_05",,,"Object","Ground","Forest",,,,,"true","true",90,90,-4,4,10,,,,,,,,,,,,,,,,,,,,,,,,,,,,
"env_forest_leaf_06","TID_DECO_NAME","sc/level_forest.sc","env_forest_leaf_06",,,"Object","Ground","Forest",,,,,"true","true",90,90,-4,4,10,,,,,,,,,,,,,,,,,,,,,,,,,,,,
"env_forest_leaf_07","TID_DECO_NAME","sc/level_forest.sc","env_forest_leaf_07",,,"Object","Ground","Forest",,,,,"true","true",90,90,-4,4,10,,,,,,,,,,,,,,,,,,,,,,,,,,,,
"env_forest_leaf_08","TID_DECO_NAME","sc/level_forest.sc","env_forest_leaf_08",,,"Object","Ground","Forest",,,,,"true","true",90,90,-4,4,10,,,,,,,,,,,,,,,,,,,,,,,,,,,,
"env_forest_log_01","TID_DECO_NAME","sc/level_forest.sc","env_forest_log_01",,,"Object","Ground","Forest",,,,"true",,"true",100,100,-2,-14,5,,,,1000,2000,,"tree_break",,,,,,,,,,,,,,,"true",,25,"death_pixel_01",,,
"env_forest_log_02","TID_DECO_NAME","sc/level_forest.sc","env_forest_log_02",,,"Object","Ground","Forest",,,,"true",,"true",100,100,-4,-2,5,,,,2000,1000,,"tree_break",,,,,,,,,,,,,,,"true",,25,"death_pixel_01",,,
"env_forest_log_03","TID_DECO_NAME","sc/level_forest.sc","env_forest_log_03",,,"Object","Ground","Forest",,,,"true",,"true",100,100,-4,4,5,,,,3000,1000,,"tree_break",,,,,,,,,,,,,,,"true",,25,"death_pixel_01",,,
"env_forest_longgrass_01","TID_DECO_NAME","sc/level_forest.sc","env_forest_longgrass_01_1","env_forest_longgrass_01_walkby_1",3,"Object","Ground","Forest",,,,,"true","true",90,90,-4,4,10,,,128,,,,"BreakGrass",,,,,,,,,,,,,,"env_forest_longgrass_die_01",,,,,,,
"env_forest_longgrass_02","TID_DECO_NAME","sc/level_forest.sc","env_forest_longgrass_02_1","env_forest_longgrass_02_walkby_1",3,"Object","Ground","Forest",,,,,"true","true",90,90,-4,4,10,,,128,,,,"BreakGrass",,,,,,,,,,,,,,"env_forest_longgrass_die_02",,,,,,,
"env_forest_longgrass_03","TID_DECO_NAME","sc/level_forest.sc","env_forest_longgrass_03_1","env_forest_longgrass_03_walkby_1",3,"Object","Ground","Forest",,,,,"true","true",90,90,-4,4,10,,,128,,,,"BreakGrass",,,,,,,,,,,,,,"env_forest_longgrass_die_03",,,,,,,
"env_forest_mushroom_01","TID_DECO_NAME","sc/level_forest.sc","env_forest_mushroom_01",,,"Object","Ground","Forest",,,,,"true","true",90,90,-4,54,10,,,,,,,,,,,,,,,,,,,,,,,,,,,,
"env_forest_stone_01","TID_DECO_NAME","sc/level_forest.sc","env_forest_stone_01",,,"Object","Ground","Forest",,,,,,,100,70,-2,4,10,,,,1000,1000,,,,,,,,,,,,,,,,,"true",,50,"death_pixel_01",,,
"env_forest_stone_02","TID_DECO_NAME","sc/level_forest.sc","env_forest_stone_02",,,"Object","Ground","Forest",,,,,,,100,70,-1,2,10,,,,1000,1000,,,,,,,,,,,,,,,,,"true",,50,"death_pixel_01",,,
"env_forest_stone_03","TID_DECO_NAME","sc/level_forest.sc","env_forest_stone_03",,,"Object","Ground","Forest",,,,,,,100,70,0,-3,7,,,,1000,1000,,,,,,,,,,,,,,,,,"true",,50,"death_pixel_01",,,
"env_forest_stone_04","TID_DECO_NAME","sc/level_forest.sc","env_forest_stone_04",,,"Object","Ground","Forest",,,,,,,100,70,-4,10,10,,,,2000,2000,,,,,,,,,,,,,,,,,"true",,50,"death_pixel_01",,,
"env_forest_stone_05","TID_DECO_NAME","sc/level_forest.sc","env_forest_stone_05",,,"Object","Ground","Forest",,,,,,,100,70,-4,4,10,,,,2000,2000,,,,,,,,,,,,,,,,,"true",,50,"death_pixel_01",,,
"env_forest_stone_06","TID_DECO_NAME","sc/level_forest.sc","env_forest_stone_06",,,"Object","Ground","Forest",,,,,,,100,70,-4,5,10,,,,2000,2000,,,,,,,,,,,,,,,,,"true",,50,"death_pixel_01",,,
"env_forest_stump_01","TID_DECO_NAME","sc/level_forest.sc","env_forest_stump_01",,,"Object","Ground","Forest",,,,"true",,"true",95,70,0,20,10,,,,1000,1000,,"tree_break",,,,,,,,,,,,,,,"true",,25,"death_pixel_01",,,
"env_forest_tile_1x1_01","TID_DECO_NAME","sc/level_forest.sc","env_forest_tile_1x1_01",,,"Ground","Ground","Forest",,,,,,,,,,,,,,,,,,,,,,,,,,,,,,,,,,,,,,,
"env_forest_tile_1x1_02","TID_DECO_NAME","sc/level_forest.sc","env_forest_tile_1x1_02",,,"Ground","Ground","Forest",,,,,,,,,,,,,,,,,,,,,,,,,,,,,,,,,,,,,,,
"env_forest_tile_2x2_01","TID_DECO_NAME","sc/level_forest.sc","env_forest_tile_2x2_01",,,"Ground","Ground","Forest",,,,,,,,,,,,,,,,,,,,,,,,,,,,,,,,,,,,,,,
"env_forest_tile_3x3_01","TID_DECO_NAME","sc/level_forest.sc","env_forest_tile_3x3_01",,,"Ground","Ground","Forest",,,,,,,,,,,,,,,,,,,,,,,,,,,,,,,,,,,,,,,
"Empty_006","TID_DECO_NAME","sc/ui.sc","texture_missing_icon",,,"Object","Ground","Forest",,,,,,,,,,,,,,,,,,,,,,,,,,,,,,,,,,,,,,,
"env_forest_tree_02","TID_DECO_NAME","sc/level_forest.sc","env_forest_tree_02",,,"Object","Ground","Forest",,,,"true",,"true",90,90,-4,4,10,,,,1000,1000,,,,,,,,,,,,,,,,,,,,,,,
"env_forest_tree_03","TID_DECO_NAME","sc/level_forest.sc","env_forest_tree_03",,,"Object","Ground","Forest",,,,"true",,"true",90,90,-4,4,10,,,,1000,1000,,,,,,,,,,,,,,,,,,,,,,,
"env_forest_tree_04","TID_DECO_NAME","sc/level_forest.sc","env_forest_tree_04",,,"Object","Ground","Forest",,,,"true",,"true",120,20,-4,10,10,,,,1000,1000,,,,,,,,,,,,,,,,,,,,,,,
"Empty_007","TID_DECO_NAME","sc/ui.sc","texture_missing_icon",,,"Object","Ground","Forest",,,,,,,,,,,,,,,,,,,,,,,,,,,,,,,,,,,,,,,
"env_forest_water_01","TID_DECO_NAME","sc/level_forest.sc","env_forest_water_01",,,"Ground","Ground","Forest",,,,,,,,,,,,,,,,,,,,,,,,,,,,,,,,,,,,,"ForestWater","SE",
"env_forest_water_02","TID_DECO_NAME","sc/level_forest.sc","env_forest_water_02",,,"Ground","Ground","Forest",,,,,,,,,,,,,,,,,,,,,,,,,,,,,,,,,,,,,"ForestWater","S",
"env_forest_water_03","TID_DECO_NAME","sc/level_forest.sc","env_forest_water_03",,,"Ground","Ground","Forest",,,,,,,,,,,,,,,,,,,,,,,,,,,,,,,,,,,,,"ForestWater","SE_IN",
"env_forest_water_04","TID_DECO_NAME","sc/level_forest.sc","env_forest_water_04",,,"Ground","Ground","Forest",,,,,,,,,,,,,,,,,,,,,,,,,,,,,,,,,,,,,"ForestWater","E",
"env_forest_water_05","TID_DECO_NAME","sc/level_forest.sc","env_forest_water_05",,,"Ground","Ground","Forest",,,,,,,,,,,,,,,,,,,,,,,,,,,,,,,,,,,,,"ForestWater","NE_IN",
"env_forest_water_06","TID_DECO_NAME","sc/level_forest.sc","env_forest_water_06",,,"Ground","Ground","Forest",,,,,,,,,,,,,,,,,,,,,,,,,,,,,,,,,,,,,"ForestWater","N",
"env_forest_water_07","TID_DECO_NAME","sc/level_forest.sc","env_forest_water_07",,,"Ground","Ground","Forest",,,,,,,,,,,,,,,,,,,,,,,,,,,,,,,,,,,,,"ForestWater","NE",
"env_forest_water_08","TID_DECO_NAME","sc/level_forest.sc","env_forest_water_08",,,"Ground","Ground","Forest",,,,,,,,,,,,,,,,,,,,,,,,,,,,,,,,,,,,,"ForestWater","MID",
"env_forest_water_09","TID_DECO_NAME","sc/level_forest.sc","env_forest_water_09",,,"Ground","Ground","Forest",,,,,,,,,,,,,,,,,,,,,,,,,,,,,,,,,,,,,"ForestWater","SW",
"env_forest_water_10","TID_DECO_NAME","sc/level_forest.sc","env_forest_water_10",,,"Ground","Ground","Forest",,,,,,,,,,,,,,,,,,,,,,,,,,,,,,,,,,,,,"ForestWater","SW_IN",
"env_forest_water_11","TID_DECO_NAME","sc/level_forest.sc","env_forest_water_11",,,"Ground","Ground","Forest",,,,,,,,,,,,,,,,,,,,,,,,,,,,,,,,,,,,,"ForestWater","W",
"env_forest_water_12","TID_DECO_NAME","sc/level_forest.sc","env_forest_water_12",,,"Ground","Ground","Forest",,,,,,,,,,,,,,,,,,,,,,,,,,,,,,,,,,,,,"ForestWater","NW_IN",
"env_forest_water_13","TID_DECO_NAME","sc/level_forest.sc","env_forest_water_13",,,"Ground","Ground","Forest",,,,,,,,,,,,,,,,,,,,,,,,,,,,,,,,,,,,,"ForestWater","NW",
"env_forest_water_corner_01","TID_DECO_NAME","sc/level_forest.sc","env_forest_water_corner_01",,,"Ground","Ground","Forest",,,,,,,,,,,,,,,,,,,,,,,,,,,,,,,,,,,,,,,
"env_forest_water_corner_02","TID_DECO_NAME","sc/level_forest.sc","env_forest_water_corner_02",,,"Ground","Ground","Forest",,,,,,,,,,,,,,,,,,,,,,,,,,,,,,,,,,,,,,,
"env_forest_water_corner_03","TID_DECO_NAME","sc/level_forest.sc","env_forest_water_corner_03",,,"Ground","Ground","Forest",,,,,,,,,,,,,,,,,,,,,,,,,,,,,,,,,,,,,,,
"env_forest_water_corner_04","TID_DECO_NAME","sc/level_forest.sc","env_forest_water_corner_04",,,"Ground","Ground","Forest",,,,,,,,,,,,,,,,,,,,,,,,,,,,,,,,,,,,,,,
"env_forest_water_donut_01","TID_DECO_NAME","sc/level_forest.sc","env_forest_water_donut_01",,,"Ground","Ground","Forest",,,,,,,,,,,,,,,,,,,,,,,,,,,,,,,,,,,,,,,
"env_forest_water_donut_02","TID_DECO_NAME","sc/level_forest.sc","env_forest_water_donut_02",,,"Ground","Ground","Forest",,,,,,,,,,,,,,,,,,,,,,,,,,,,,,,,,,,,,,,
"env_forest_water_donut_03","TID_DECO_NAME","sc/level_forest.sc","env_forest_water_donut_03",,,"Ground","Ground","Forest",,,,,,,,,,,,,,,,,,,,,,,,,,,,,,,,,,,,,,,
"env_forest_water_donut_04","TID_DECO_NAME","sc/level_forest.sc","env_forest_water_donut_04",,,"Ground","Ground","Forest",,,,,,,,,,,,,,,,,,,,,,,,,,,,,,,,,,,,,,,
"env_forest_water_donut_05","TID_DECO_NAME","sc/level_forest.sc","env_forest_water_donut_05",,,"Ground","Ground","Forest",,,,,,,,,,,,,,,,,,,,,,,,,,,,,,,,,,,,,,,
"env_forest_water_donut_06","TID_DECO_NAME","sc/level_forest.sc","env_forest_water_donut_06",,,"Ground","Ground","Forest",,,,,,,,,,,,,,,,,,,,,,,,,,,,,,,,,,,,,,,
"env_forest_water_donut_07","TID_DECO_NAME","sc/level_forest.sc","env_forest_water_donut_07",,,"Ground","Ground","Forest",,,,,,,,,,,,,,,,,,,,,,,,,,,,,,,,,,,,,,,
"env_forest_water_donut_08","TID_DECO_NAME","sc/level_forest.sc","env_forest_water_donut_08",,,"Ground","Ground","Forest",,,,,,,,,,,,,,,,,,,,,,,,,,,,,,,,,,,,,,,
"env_forest_water_straight_01","TID_DECO_NAME","sc/level_forest.sc","env_forest_water_straight_01",,,"Ground","Ground","Forest",,,,,,,,,,,,,,,,,,,,,,,,,,,,,,,,,,,,,,,
"env_forest_water_straight_02","TID_DECO_NAME","sc/level_forest.sc","env_forest_water_straight_02",,,"Ground","Ground","Forest",,,,,,,,,,,,,,,,,,,,,,,,,,,,,,,,,,,,,,,
"env_forest_water_straight_03","TID_DECO_NAME","sc/level_forest.sc","env_forest_water_straight_03",,,"Ground","Ground","Forest",,,,,,,,,,,,,,,,,,,,,,,,,,,,,,,,,,,,,,,
"env_gen_barracade_01","TID_DECO_NAME","sc/level_forest.sc","env_gen_barracade_01",,,"Object","Ground","Forest",,,,"true",,"true",90,90,-4,4,10,,,,1000,1000,,,,,,,,,,,,,,,,,,,,,,,
"env_gen_barracade_02","TID_DECO_NAME","sc/level_forest.sc","env_gen_barracade_02",,,"Object","Ground","Forest",,,,"true",,"true",90,90,-4,4,10,,,,1000,1000,,,,,,,,,,,,,,,,,,,,,,,
"env_gen_barracade_03","TID_DECO_NAME","sc/level_forest.sc","env_gen_barracade_03",,,"Object","Ground","Forest",,,,"true",,"true",90,90,-4,4,10,,,,1000,1000,,,,,,,,,,,,,,,,,,,,,,,
"env_gen_barracade_04","TID_DECO_NAME","sc/level_forest.sc","env_gen_barracade_04",,,"Object","Ground","Forest",,,,"true",,"true",90,90,-4,4,10,,,,1000,1000,,,,,,,,,,,,,,,,,,,,,,,
"env_gen_barrel_01","TID_DECO_NAME","sc/level_forest.sc","env_gen_barrel_01",,,"Object","Ground","Forest",,,,"true",,"true",95,60,0,4,8,,,,1000,1000,,,,,,,,,,,,,,,,"env_gen_barrel_01_die","true",,25,"death_pixel_01",,,
"env_gen_bridge_01","TID_DECO_NAME","sc/level_forest.sc","env_gen_bridge_01",,,"Base","Ground","Forest",,,,,,,,,,,,,,,,,,,,,,,,,,,,,,,,,,,,,,,
"env_gen_bumper_01","TID_DECO_NAME","sc/level_forest.sc","env_gen_bumper_01",,,"Object","Ground","Forest",,,,"true",,"true",100,90,-3,15,10,,,,,,,,,,,,,,,,,,,,,,,,,,,,
"env_gen_bumper_02","TID_DECO_NAME","sc/level_forest.sc","env_gen_bumper_02",,,"Object","Ground","Forest",,,,"true",,"true",100,90,-3,15,10,,,,,,,,,,,,,,,,,,,,,,,,,,,,
"env_gen_bumper_03","TID_DECO_NAME","sc/level_forest.sc","env_gen_bumper_03",,,"Object","Ground","Forest",,,,"true",,"true",100,90,-3,15,10,,,,,,,,,,,,,,,,,,,,,,,,,,,,
"env_gen_bumper_04","TID_DECO_NAME","sc/level_forest.sc","env_gen_bumper_04",,,"Object","Ground","Forest",,,,"true",,"true",100,90,-3,15,10,,,,,,,,,,,,,,,,,,,,,,,,,,,,
"env_gen_bumper_05","TID_DECO_NAME","sc/level_forest.sc","env_gen_bumper_05",,,"Object","Ground","Forest",,,,"true",,"true",100,90,-3,15,10,,,,,,,,,,,,,,,,,,,,,,,,,,,,
"env_gen_bumper_06","TID_DECO_NAME","sc/level_forest.sc","env_gen_bumper_06",,,"Object","Ground","Forest",,,,"true",,"true",100,90,-3,15,10,,,,,,,,,,,,,,,,,,,,,,,,,,,,
"env_gen_bumper_07","TID_DECO_NAME","sc/level_forest.sc","env_gen_bumper_07",,,"Object","Ground","Forest",,,,"true",,"true",100,90,-3,15,10,,,,,,,,,,,,,,,,,,,,,,,,,,,,
"env_gen_bumper_08","TID_DECO_NAME","sc/level_forest.sc","env_gen_bumper_08",,,"Object","Ground","Forest",,,,"true",,"true",100,90,-3,15,10,,,,,,,,,,,,,,,,,,,,,,,,,,,,
"env_gen_crate_01","TID_DECO_NAME","sc/level_forest.sc","env_gen_crate_01",,,"Object","Ground","Forest",,,,"true",,"true",108,70,-2,-2,0,,,,1000,1000,,"BreakWood",,,,,,,,,,,,,,,"true",,25,"death_pixel_01",,,
"env_gen_road_01","TID_DECO_NAME","sc/level_forest.sc","env_gen_road_01",,,"Ground","Ground","Forest",,,,,,,,,,,,,,,,,,,,,,,,,,,,,,,,,,,,,,,
"env_gen_road_02","TID_DECO_NAME","sc/level_forest.sc","env_gen_road_02",,,"Ground","Ground","Forest",,,,,,,,,,,,,,,,,,,,,,,,,,,,,,,,,,,,,,,
"env_gen_road_03","TID_DECO_NAME","sc/level_forest.sc","env_gen_road_03",,,"Ground","Ground","Forest",,,,,,,,,,,,,,,,,,,,,,,,,,,,,,,,,,,,,,,
"env_gen_road_04","TID_DECO_NAME","sc/level_forest.sc","env_gen_road_04",,,"Ground","Ground","Forest",,,,,,,,,,,,,,,,,,,,,,,,,,,,,,,,,,,,,,,
"env_gen_road_05","TID_DECO_NAME","sc/level_forest.sc","env_gen_road_05",,,"Ground","Ground","Forest",,,,,,,,,,,,,,,,,,,,,,,,,,,,,,,,,,,,,,,
"env_gen_road_06","TID_DECO_NAME","sc/level_forest.sc","env_gen_road_06",,,"Ground","Ground","Forest",,,,,,,,,,,,,,,,,,,,,,,,,,,,,,,,,,,,,,,
"env_gen_road_07","TID_DECO_NAME","sc/level_forest.sc","env_gen_road_07",,,"Ground","Ground","Forest",,,,,,,,,,,,,,,,,,,,,,,,,,,,,,,,,,,,,,,
"env_gen_road_08","TID_DECO_NAME","sc/level_forest.sc","env_gen_road_08",,,"Ground","Ground","Forest",,,,,,,,,,,,,,,,,,,,,,,,,,,,,,,,,,,,,,,
"env_gen_road_09","TID_DECO_NAME","sc/level_forest.sc","env_gen_road_09",,,"Ground","Ground","Forest",,,,,,,,,,,,,,,,,,,,,,,,,,,,,,,,,,,,,,,
"env_gen_road_10","TID_DECO_NAME","sc/level_forest.sc","env_gen_road_10",,,"Ground","Ground","Forest",,,,,,,,,,,,,,,,,,,,,,,,,,,,,,,,,,,,,,,
"env_gen_road_11","TID_DECO_NAME","sc/level_forest.sc","env_gen_road_11",,,"Ground","Ground","Forest",,,,,,,,,,,,,,,,,,,,,,,,,,,,,,,,,,,,,,,
"env_gen_road_12","TID_DECO_NAME","sc/level_forest.sc","env_gen_road_12",,,"Ground","Ground","Forest",,,,,,,,,,,,,,,,,,,,,,,,,,,,,,,,,,,,,,,
"env_gen_road_13","TID_DECO_NAME","sc/level_forest.sc","env_gen_road_13",,,"Ground","Ground","Forest",,,,,,,,,,,,,,,,,,,,,,,,,,,,,,,,,,,,,,,
"env_gen_road_14","TID_DECO_NAME","sc/level_forest.sc","env_gen_road_14",,,"Ground","Ground","Forest",,,,,,,,,,,,,,,,,,,,,,,,,,,,,,,,,,,,,,,
"env_gen_sandbag_01","TID_DECO_NAME","sc/level_forest.sc","env_gen_sandbag_01",,,"Object","Ground","Forest",,,,"true",,"true",90,90,-4,4,10,,,,2000,1000,,,,,,,,,,,,,,,,,,,,,,,
"env_gen_sandbag_02","TID_DECO_NAME","sc/level_forest.sc","env_gen_sandbag_02",,,"Object","Ground","Forest",,,,"true",,"true",90,90,-4,4,10,,,,1000,2000,,,,,,,,,,,,,,,,,,,,,,,
"env_gen_sandbag_03","TID_DECO_NAME","sc/level_forest.sc","env_gen_sandbag_03",,,"Object","Ground","Forest",,,,"true",,"true",90,90,-4,4,10,,,,1000,2000,,,,,,,,,,,,,,,,,,,,,,,
"env_gen_sandbag_04","TID_DECO_NAME","sc/level_forest.sc","env_gen_sandbag_04",,,"Object","Ground","Forest",,,,"true",,"true",90,90,-4,4,10,,,,1000,1000,,,,,,,,,,,,,,,,,,,,,,,
"env_gen_sandbag_05","TID_DECO_NAME","sc/level_forest.sc","env_gen_sandbag_05",,,"Object","Ground","Forest",,,,"true",,"true",90,90,-4,4,10,,,,1000,1000,,,,,,,,,,,,,,,,,,,,,,,
"env_gen_sandbag_06","TID_DECO_NAME","sc/level_forest.sc","env_gen_sandbag_06",,,"Object","Ground","Forest",,,,"true",,"true",90,90,-4,4,10,,,,1000,1000,,,,,,,,,,,,,,,,,,,,,,,
"env_gen_sandbag_07","TID_DECO_NAME","sc/level_forest.sc","env_gen_sandbag_07",,,"Object","Ground","Forest",,,,"true",,"true",90,90,-4,4,10,,,,1000,1000,,,,,,,,,,,,,,,,,,,,,,,
"env_gen_sandbag_08","TID_DECO_NAME","sc/level_forest.sc","env_gen_sandbag_08",,,"Object","Ground","Forest",,,,"true",,"true",90,90,-4,4,10,,,,1000,2000,,,,,,,,,,,,,,,,,,,,,,,
"env_gen_sandbag_09","TID_DECO_NAME","sc/level_forest.sc","env_gen_sandbag_09",,,"Object","Ground","Forest",,,,"true",,"true",90,90,-4,4,10,,,,,,,,,,,,,,,,,,,,,,,,,,,,
"env_gen_sandbag_10","TID_DECO_NAME","sc/level_forest.sc","env_gen_sandbag_10",,,"Object","Ground","Forest",,,,"true",,"true",90,90,-4,4,10,,,,1000,1000,,,,,,,,,,,,,,,,,,,,,,,
"env_gen_tent_01","TID_DECO_NAME","sc/level_forest.sc","env_gen_tent_01",,,"Object","Ground","Forest",,,,"true",,"true",90,90,-4,4,10,,,,2000,2000,,,,,,,,,,,,,,,,,,,,,,,
"env_gen_tent_02","TID_DECO_NAME","sc/level_forest.sc","env_gen_tent_02",,,"Object","Ground","Forest",,,,"true",,"true",90,90,-4,4,10,,,,2000,2000,,,,,,,,,,,,,,,,,,,,,,,
"env_gen_vehicle_01","TID_DECO_NAME","sc/level_forest.sc","env_gen_vehicle_01",,,"Object","Ground","Forest",,,,"true",,"true",90,90,-4,4,10,,,,2000,2000,,,,,,,,,,,,,,,,"env_gen_vehicle_01_die","true",,50,"death_pixel_01",,,
"env_gen_vehicle_02","TID_DECO_NAME","sc/level_forest.sc","env_gen_vehicle_02",,,"Object","Ground","Forest",,,,"true",,"true",90,90,-4,4,10,,,,3000,2000,,,,,,,,,,,,,,,,"env_gen_vehicle_02_die","true",,50,"death_pixel_01",,,
"env_gen_vehicle_03","TID_DECO_NAME","sc/level_forest.sc","env_gen_vehicle_03",,,"Object","Ground","Forest",,,,"true",,"true",90,90,-4,4,10,,,,2000,2000,,,,,,,,,,,,,,,,"env_gen_vehicle_03_die","true",,50,"death_pixel_01",,,
"env_gen_vehicle_04","TID_DECO_NAME","sc/level_forest.sc","env_gen_vehicle_04",,,"Object","Ground","Forest",,,,"true",,"true",90,90,-4,4,10,,,,3000,2000,,,,,,,,,,,,,,,,"env_gen_vehicle_04_die","true",,50,"death_pixel_01",,,
"env_gen_vehicle_05","TID_DECO_NAME","sc/level_forest.sc","env_gen_vehicle_05",,,"Object","Ground","Forest",,,,"true",,"true",90,90,-4,4,10,,,,2000,2000,,,,,,,,,,,,,,,,"env_gen_vehicle_05_die","true",,50,"death_pixel_01",,,
"env_gen_vehicle_06","TID_DECO_NAME","sc/level_forest.sc","env_gen_vehicle_06",,,"Object","Ground","Forest",,,,"true",,"true",90,90,-4,4,10,,,,3000,2000,,,,,,,,,,,,,,,,"env_gen_vehicle_06_die","true",,50,"death_pixel_01",,,
"env_gen_vehicle_07","TID_DECO_NAME","sc/level_forest.sc","env_gen_vehicle_07",,,"Object","Ground","Forest",,,,"true",,"true",90,-90,-6,10,10,,,,2000,2000,,,,,,,,,,,,,,,,"env_gen_vehicle_07_die","true",,50,"death_pixel_01",,,
"env_gen_vehicle_08","TID_DECO_NAME","sc/level_forest.sc","env_gen_vehicle_08",,,"Object","Ground","Forest",,,,"true",,"true",90,90,-4,4,10,,,,2000,3000,,,,,,,,,,,,,,,,"env_gen_vehicle_08_die","true",,50,"death_pixel_01",,,
"env_gen_vehicle_09","TID_DECO_NAME","sc/level_forest.sc","env_gen_vehicle_09",,,"Object","Ground","Forest",,,,"true",,"true",90,90,-2,2,10,,,,3000,2000,,,,,,,,,,,,,,,,"env_gen_vehicle_09_die","true",,50,"death_pixel_01",,,
"env_gen_vehicle_10","TID_DECO_NAME","sc/level_forest.sc","env_gen_vehicle_10",,,"Object","Ground","Forest",,,,"true",,"true",90,90,-4,4,10,,,,2000,3000,,,,,,,,,,,,,,,,"env_gen_vehicle_10_die","true",,50,"death_pixel_01",,,
"env_gen_vehicle_11","TID_DECO_NAME","sc/level_forest.sc","env_gen_vehicle_11",,,"Object","Ground","Forest",,,,"true",,"true",90,90,-4,4,10,,,,3000,2000,,,,,,,,,,,,,,,,"env_gen_vehicle_11_die","true",,50,"death_pixel_01",,,
"env_gen_vehicle_12","TID_DECO_NAME","sc/level_forest.sc","env_gen_vehicle_12",,,"Object","Ground","Forest",,,,"true",,"true",90,90,-4,4,10,,,,1000,2000,,,,,,,,,,,,,,,,"env_gen_vehicle_12_die","true",,50,"death_pixel_01",,,
"env_gen_vehicle_13","TID_DECO_NAME","sc/level_forest.sc","env_gen_vehicle_13",,,"Object","Ground","Forest",,,,"true",,"true",90,90,-4,4,10,,,,2000,1000,,,,,,,,,,,,,,,,"env_gen_vehicle_13_die","true",,50,"death_pixel_01",,,
"env_gen_vehicle_14","TID_DECO_NAME","sc/level_forest.sc","env_gen_vehicle_14",,,"Object","Ground","Forest",,,,"true",,"true",90,-90,-2,4,0,,,,2000,2000,,,,,,,,,,,,,,,,"env_gen_vehicle_14_die","true",,50,"death_pixel_01",,,
"env_gen_vehicle_15","TID_DECO_NAME","sc/level_forest.sc","env_gen_vehicle_15",,,"Object","Ground","Forest",,,,"true",,"true",100,70,-1,40,10,,,,2000,3000,,,,,,,,,,,,,,,,"env_gen_vehicle_15_die","true",,50,"death_pixel_01",,,
"env_gen_vehicle_16","TID_DECO_NAME","sc/level_forest.sc","env_gen_vehicle_16",,,"Object","Ground","Forest",,,,"true",,"true",90,90,-4,4,10,,,,2000,2000,,,,,,,,,,,,,,,,"env_gen_vehicle_16_die","true",,50,"death_pixel_01",,,
"env_forest_grass_3x1_01","TID_DECO_NAME","sc/level_forest.sc","env_forest_grass_3x1_01",,,"Ground","Ground","Forest",,,,,"true","true",,,,,,,,,,,,,,,,,,,,,,,,,,,,,,,,,
"env_forest_grass_3x3_01","TID_DECO_NAME","sc/level_forest.sc","env_forest_grass_3x3_01",,,"Ground","Ground","Forest",,,,,"true","true",,,,,,,,,,,,,,,,,,,,,,,,,,,,,,,,,
"env_forest_grass_5x5_01","TID_DECO_NAME","sc/level_forest.sc","env_forest_grass_5x5_01",,,"Ground","Ground","Forest",,,,,"true","true",,,,,,,,,,,,,,,,,,,,,,,,,,,,,,,,,
"env_forest_grass_15x10_01","TID_DECO_NAME","sc/level_forest.sc","env_forest_grass_15x10_01",,,"Ground","Ground","Forest",,,,,"true","true",,,,,,,,,,,,,,,,,,,,,,,,,,,,,,,,,
"env_forest_flowers_01","TID_DECO_NAME","sc/level_forest.sc","env_forest_flowers_01",,,"Ground","Ground","Forest",,,,,"true","true",,,,,,,,,,,,,,,,,,,,,,,,,,,,,,,,,
"env_forest_flowers_02","TID_DECO_NAME","sc/level_forest.sc","env_forest_flowers_02",,,"Ground","Ground","Forest",,,,,"true","true",,,,,,,,,,,,,,,,,,,,,,,,,,,,,,,,,
"env_forest_flowers_03","TID_DECO_NAME","sc/level_forest.sc","env_forest_flowers_03",,,"Ground","Ground","Forest",,,,,"true","true",,,,,,,,,,,,,,,,,,,,,,,,,,,,,,,,,
"env_forest_flowers_04","TID_DECO_NAME","sc/level_forest.sc","env_forest_flowers_04",,,"Ground","Ground","Forest",,,,,"true","true",,,,,,,,,,,,,,,,,,,,,,,,,,,,,,,,,
"env_forest_flowers_05","TID_DECO_NAME","sc/level_forest.sc","env_forest_flowers_05",,,"Ground","Ground","Forest",,,,,"true","true",,,,,,,,,,,,,,,,,,,,,,,,,,,,,,,,,
"b_hq_t6_01","TID_DECO_NAME","sc/home_buildings.sc","b_hq_t6_01",,,"Object","Ground","Forest",,,,"true",,"true",90,90,-4,4,10,,,,2000,2000,,,,,,,,,,,,,,,,,,,,,,,
"b_researchcenter_t6_01","TID_DECO_NAME","sc/home_buildings.sc","b_researchcenter_t6_01",,,"Object","Ground","Forest",,,,"true",,"true",90,90,-4,4,10,,,,2000,2000,,,,,,,,,,,,,,,,,,,,,,,
"env_forest_longgrass_04","TID_DECO_NAME","sc/level_forest.sc","env_forest_longgrass_04",,,"Object","Ground","Forest",,,,,"true","true",90,50,-4,4,5,,,128,,,,,,,,,,,,,,,,,,"env_forest_longgrass_die_01",,,,,,,
"env_forest_longgrass_die_01","TID_DECO_NAME","sc/level_forest.sc","CutGrass_1",,,"Ground","Ground","Forest",,,,,,,,,,,,,,,,,,,,,,,,,,,,,,,,,,,,,,,
"env_forest_longgrass_die_02","TID_DECO_NAME","sc/level_forest.sc","CutGrass_2",,,"Ground","Ground","Forest",,,,,,,,,,,,,,,,,,,,,,,,,,,,,,,,,,,,,,,
"env_forest_longgrass_die_03","TID_DECO_NAME","sc/level_forest.sc","CutGrass_3",,,"Ground","Ground","Forest",,,,,,,,,,,,,,,,,,,,,,,,,,,,,,,,,,,,,,,
"env_gen_barrel_01_die","TID_DECO_NAME","sc/level_forest.sc","env_gen_barrel_01_explode",,,"Object","Ground","Forest","true",,,,,,90,80,-2,0,10,,,,1000,1000,,"BarrelExplosion",,,,,,,,,,,2500,100,1000,,,,,,,,
"env_gen_bridge_02","TID_DECO_NAME","sc/level_forest.sc","env_gen_bridge_02",,,"Base","Ground","Forest",,,,,,,,,,,,,,,,,,,,,,,,,,,,,,,,,,,,,,,
"env_gen_bridge_03","TID_DECO_NAME","sc/level_forest.sc","env_gen_bridge_03",,,"Base","Ground","Forest",,,,,,,,,,,,,,,,,,,,,,,,,,,,,,,,,,,,,,,
"env_forest_water_corner_05","TID_DECO_NAME","sc/level_forest.sc","env_forest_water_corner_05",,,"Base","Ground","Forest",,,,,,,,,,,,,,,,,,,,,,,,,,,,,,,,,,,,,,,
"env_forest_water_corner_06","TID_DECO_NAME","sc/level_forest.sc","env_forest_water_corner_06",,,"Base","Ground","Forest",,,,,,,,,,,,,,,,,,,,,,,,,,,,,,,,,,,,,,,
"env_forest_water_corner_07","TID_DECO_NAME","sc/level_forest.sc","env_forest_water_corner_07",,,"Base","Ground","Forest",,,,,,,,,,,,,,,,,,,,,,,,,,,,,,,,,,,,,,,
"env_forest_water_corner_08","TID_DECO_NAME","sc/level_forest.sc","env_forest_water_corner_08",,,"Base","Ground","Forest",,,,,,,,,,,,,,,,,,,,,,,,,,,,,,,,,,,,,,,
"env_forest_water_end_01","TID_DECO_NAME","sc/level_forest.sc","env_forest_water_end_01",,,"Base","Ground","Forest",,,,,,,,,,,,,,,,,,,,,,,,,,,,,,,,,,,,,,,
"env_forest_water_end_02","TID_DECO_NAME","sc/level_forest.sc","env_forest_water_end_02",,,"Base","Ground","Forest",,,,,,,,,,,,,,,,,,,,,,,,,,,,,,,,,,,,,,,
"env_forest_water_end_03","TID_DECO_NAME","sc/level_forest.sc","env_forest_water_end_03",,,"Base","Ground","Forest",,,,,,,,,,,,,,,,,,,,,,,,,,,,,,,,,,,,,,,
"env_forest_water_end_04","TID_DECO_NAME","sc/level_forest.sc","env_forest_water_end_04",,,"Base","Ground","Forest",,,,,,,,,,,,,,,,,,,,,,,,,,,,,,,,,,,,,,,
"env_forest_water_vertical_2","TID_DECO_NAME","sc/level_forest.sc","env_forest_water_vertical_2",,,"Base","Ground","Forest",,,,,,,,,,,,,,,,,,,,,,,,,,,,,,,,,,,,,,,
"env_gen_road_15","TID_DECO_NAME","sc/level_forest.sc","env_gen_road_15",,,"Base","Ground","Forest",,,,,,,,,,,,,,,,,,,,,,,,,,,,,,,,,,,,,,,
"env_gen_vehicle_01_die","TID_DECO_NAME","sc/level_forest.sc","env_gen_vehicle_01",,,"Object","Ground","Forest","true",,,"true",,"true",90,90,-4,4,10,,,,2000,2000,,"BarrelExplosion",,,,,,,,,,,2500,100,1000,,"true",,50,"death_pixel_01",,,
"env_gen_vehicle_02_die","TID_DECO_NAME","sc/level_forest.sc","env_gen_vehicle_02",,,"Object","Ground","Forest","true",,,"true",,"true",90,90,-4,4,10,,,,3000,2000,,"BarrelExplosion",,,,,,,,,,,2500,100,1000,,"true",,50,"death_pixel_01",,,
"env_gen_vehicle_03_die","TID_DECO_NAME","sc/level_forest.sc","env_gen_vehicle_03",,,"Object","Ground","Forest","true",,,"true",,"true",90,90,-4,4,10,,,,2000,2000,,"BarrelExplosion",,,,,,,,,,,2500,100,1000,,"true",,50,"death_pixel_01",,,
"env_gen_vehicle_04_die","TID_DECO_NAME","sc/level_forest.sc","env_gen_vehicle_04",,,"Object","Ground","Forest","true",,,"true",,"true",90,90,-4,4,10,,,,3000,2000,,"BarrelExplosion",,,,,,,,,,,2500,100,1000,,"true",,50,"death_pixel_01",,,
"env_gen_vehicle_05_die","TID_DECO_NAME","sc/level_forest.sc","env_gen_vehicle_05",,,"Object","Ground","Forest","true",,,"true",,"true",90,90,-4,4,10,,,,2000,2000,,"BarrelExplosion",,,,,,,,,,,2500,100,1000,,"true",,50,"death_pixel_01",,,
"env_gen_vehicle_06_die","TID_DECO_NAME","sc/level_forest.sc","env_gen_vehicle_06",,,"Object","Ground","Forest","true",,,"true",,"true",90,90,-4,4,10,,,,3000,2000,,"BarrelExplosion",,,,,,,,,,,2500,100,1000,,"true",,50,"death_pixel_01",,,
"env_gen_vehicle_07_die","TID_DECO_NAME","sc/level_forest.sc","env_gen_vehicle_07",,,"Object","Ground","Forest","true",,,"true",,"true",90,90,-4,4,10,,,,2000,2000,,"BarrelExplosion",,,,,,,,,,,2500,100,1000,,"true",,50,"death_pixel_01",,,
"env_gen_vehicle_08_die","TID_DECO_NAME","sc/level_forest.sc","env_gen_vehicle_08",,,"Object","Ground","Forest","true",,,"true",,"true",90,90,-4,4,10,,,,2000,2000,,"BarrelExplosion",,,,,,,,,,,2500,100,1000,,"true",,50,"death_pixel_01",,,
"env_gen_vehicle_09_die","TID_DECO_NAME","sc/level_forest.sc","env_gen_vehicle_09",,,"Object","Ground","Forest","true",,,"true",,"true",100,60,-2,22,10,,,,3000,2000,,"BarrelExplosion",,,,,,,,,,,2500,100,1000,,"true",,50,"death_pixel_01",,,
"env_gen_vehicle_10_die","TID_DECO_NAME","sc/level_forest.sc","env_gen_vehicle_10",,,"Object","Ground","Forest","true",,,"true",,"true",90,90,-4,4,10,,,,2000,2000,,"BarrelExplosion",,,,,,,,,,,2500,100,1000,,"true",,50,"death_pixel_01",,,
"env_gen_vehicle_11_die","TID_DECO_NAME","sc/level_forest.sc","env_gen_vehicle_11",,,"Object","Ground","Forest","true",,,"true",,"true",90,90,-4,4,10,,,,3000,2000,,"BarrelExplosion",,,,,,,,,,,2500,100,1000,,"true",,50,"death_pixel_01",,,
"env_gen_vehicle_12_die","TID_DECO_NAME","sc/level_forest.sc","env_gen_vehicle_12",,,"Object","Ground","Forest","true",,,"true",,"true",90,90,-4,4,10,,,,1000,2000,,"BarrelExplosion",,,,,,,,,,,2500,100,1000,,"true",,50,"death_pixel_01",,,
"env_gen_vehicle_13_die","TID_DECO_NAME","sc/level_forest.sc","env_gen_vehicle_13",,,"Object","Ground","Forest","true",,,"true",,"true",90,90,-4,4,10,,,,2000,1000,,"BarrelExplosion",,,,,,,,,,,2500,100,1000,,"true",,50,"death_pixel_01",,,
"env_gen_vehicle_14_die","TID_DECO_NAME","sc/level_forest.sc","env_gen_vehicle_14",,,"Object","Ground","Forest","true",,,"true",,"true",90,-90,-2,4,0,,,,2000,2000,,"BarrelExplosion",,,,,,,,,,,2500,100,1000,,"true",,50,"death_pixel_01",,,
"env_gen_vehicle_15_die","TID_DECO_NAME","sc/level_forest.sc","env_gen_vehicle_15",,,"Object","Ground","Forest","true",,,"true",,"true",90,90,-4,4,10,,,,2000,2000,,"BarrelExplosion",,,,,,,,,,,2500,100,1000,,"true",,50,"death_pixel_01",,,
"env_gen_vehicle_16_die","TID_DECO_NAME","sc/level_forest.sc","env_gen_vehicle_16",,,"Object","Ground","Forest","true",,,"true",,"true",90,90,-4,4,10,,,,2000,2000,,"BarrelExplosion",,,,,,,,,,,2500,100,1000,,"true",,50,"death_pixel_01",,,
"env_gen_crate_02","TID_DECO_NAME","sc/level_forest.sc","env_gen_crate_02",,,"Object","Ground","Forest",,,,"true",,"true",108,70,-2,-2,0,,,,1000,1000,,"BreakWood",,,,,,,,,,,,,,,"true",,25,"death_pixel_01",,,
"env_gen_crate_03","TID_DECO_NAME","sc/level_forest.sc","env_gen_crate_03",,,"Object","Ground","Forest",,,,"true",,"true",108,70,-2,-2,0,,,,1000,1000,,"BreakWood",,,,,,,,,,,,,,,"true",,25,"death_pixel_01",,,
"env_gen_crate_04","TID_DECO_NAME","sc/level_forest.sc","env_gen_crate_04",,,"Object","Ground","Forest",,,,"true",,"true",108,70,-2,-2,0,,,,1000,1000,,"BreakWood",,,,,,,,,,,,,,,"true",,25,"death_pixel_01",,,
"env_forest_leaf_09","TID_DECO_NAME","sc/level_forest.sc","env_forest_leaf_09",,,"Object","Ground","Forest",,,,,"true","true",90,90,-4,4,10,,,,,,,,,,,,,,,,,,,,,,,,,,,,
"env_forest_leaf_10","TID_DECO_NAME","sc/level_forest.sc","env_forest_leaf_10",,,"Object","Ground","Forest",,,,,"true","true",90,90,-4,4,10,,,,,,,,,,,,,,,,,,,,,,,,,,,,
"Empty_008","TID_DECO_NAME","sc/ui.sc","texture_missing_icon",,,"Object","Ground","Forest",,,,,,,,,,,,,,,,,,,,,,,,,,,,,,,,,,,,,,,
"env_forest_bush_03","TID_DECO_NAME","sc/level_forest.sc","env_forest_bush_03",,,"Object","Ground","Forest",,,,"true",,"true",100,80,-2,2,5,,,,1000,1000,,"BreakBush",,,,,,,,,,,,,,,"true",,25,"death_pixel_01",,,
"env_forest_bush_04","TID_DECO_NAME","sc/level_forest.sc","env_forest_bush_04",,,"Object","Ground","Forest",,,,"true",,"true",100,80,-2,2,5,,,,1000,1000,,"BreakBush",,,,,,,,,,,,,,,"true",,25,"death_pixel_01",,,
"env_forest_bush_05","TID_DECO_NAME","sc/level_forest.sc","env_forest_bush_05",,,"Object","Ground","Forest",,,,"true",,"true",100,80,-2,-2,5,,,,1000,1000,,"BreakBush",,,,,,,,,,,,,,,"true",,25,"death_pixel_01",,,
"env_forest_bush_06","TID_DECO_NAME","sc/level_forest.sc","env_forest_bush_06",,,"Object","Ground","Forest",,,,"true",,"true",100,80,-2,4,5,,,,,,,"BreakBush",,,,,,,,,,,,,,,"true",,25,"death_pixel_01",,,
"env_forest_bush_07","TID_DECO_NAME","sc/level_forest.sc","env_forest_bush_07",,,"Object","Ground","Forest",,,,"true",,"true",100,80,-2,4,5,,,,,,,"BreakBush",,,,,,,,,,,,,,,"true",,25,"death_pixel_01",,,
"env_forest_bush_08","TID_DECO_NAME","sc/level_forest.sc","env_forest_bush_08",,,"Object","Ground","Forest",,,,"true",,"true",100,90,-2,4,5,,,,,,,"BreakBush",,,,,,,,,,,,,,,"true",,25,"death_pixel_01",,,
"env_forest_bush_09","TID_DECO_NAME","sc/level_forest.sc","env_forest_bush_09",,,"Object","Ground","Forest",,,,"true",,"true",100,-90,-2,8,5,,,,,,,"BreakBush",,,,,,,,,,,,,,,"true",,25,"death_pixel_01",,,
"env_forest_stone_07","TID_DECO_NAME","sc/level_forest.sc","env_forest_stone_07",,,"Object","Ground","Forest",,,,,,,100,70,-4,5,25,,,,2000,2000,,,,,,,,,,,,,,,,,"true",,50,"death_pixel_01",,,
"env_forest_stone_08","TID_DECO_NAME","sc/level_forest.sc","env_forest_stone_08",,,"Object","Ground","Forest",,,,,,,100,70,-4,20,25,,,,2000,2000,,,,,,,,,,,,,,,,,"true",,50,"death_pixel_01",,,
"env_forest_stone_09","TID_DECO_NAME","sc/level_forest.sc","env_forest_stone_09",,,"Object","Ground","Forest",,,,,,,-100,-70,-20,50,-5,,,,,,,,,,,,,,,,,,,,,,"true",,50,"death_pixel_01",,,
"env_gen_cloud_01","TID_DECO_NAME","sc/level_forest.sc","env_gen_cloud_01",,,"Above","Ground","Forest",,,,,,,100,70,-3,3,5,,,,,,,,,,,,,,,,,,,,,,"true",,50,"death_pixel_01",,,
"env_gen_cloud_02","TID_DECO_NAME","sc/level_forest.sc","env_gen_cloud_02",,,"Above","Ground","Forest",,,,,,,100,70,-3,3,5,,,,,,,,,,,,,,,,,,,,,,"true",,50,"death_pixel_01",,,
"Empty_009","TID_DECO_NAME","sc/ui.sc","texture_missing_icon",,,"Object","Ground","Forest",,,,,,,,,,,,,,,,,,,,,,,,,,,,,,,,,,,,,,,
"Empty_010","TID_DECO_NAME","sc/ui.sc","texture_missing_icon",,,"Object","Ground","Forest",,,,,,,,,,,,,,,,,,,,,,,,,,,,,,,,,,,,,,,
"Empty_011","TID_DECO_NAME","sc/ui.sc","texture_missing_icon",,,"Object","Ground","Forest",,,,,,,,,,,,,,,,,,,,,,,,,,,,,,,,,,,,,,,
"env_gen_bridge_04","TID_DECO_NAME","sc/level_forest.sc","env_gen_bridge_04",,,"Base","Ground","Forest",,,,,,"true",,,,,,,,,,,,,,,,,,,,,,,,,,,,,,,,,
"env_gen_bridge_05","TID_DECO_NAME","sc/level_forest.sc","env_gen_bridge_05",,,"Base","Ground","Forest",,,,,,"true",,,,,,,,,,,,,,,,,,,,,,,,,,,,,,,,,
"env_gen_fence_01_horizontal_01","TID_DECO_NAME","sc/level_forest.sc","env_gen_fence_01_horizontal_01",,,"Object","Ground","Forest",,,,"true",,"true",100,70,-1,6,8,,,,3000,1000,,,,,,,,,,,,,,,,,"true",,50,"death_pixel_01",,,
"env_gen_fence_01_horizontal_02","TID_DECO_NAME","sc/level_forest.sc","env_gen_fence_01_horizontal_02",,,"Object","Ground","Forest",,,,"true",,"true",90,90,-4,4,10,,,,3000,1000,,,,,,,,,,,,,,,,,"true",,50,"death_pixel_01",,,
"env_gen_fence_01_horizontal_03","TID_DECO_NAME","sc/level_forest.sc","env_gen_fence_01_horizontal_03",,,"Object","Ground","Forest",,,,"true",,"true",90,90,-4,4,10,,,,3000,1000,,,,,,,,,,,,,,,,,"true",,50,"death_pixel_01",,,
"env_gen_fence_01_vertical_01","TID_DECO_NAME","sc/level_forest.sc","env_gen_fence_01_vertical_01",,,"Object","Ground","Forest",,,,"true",,"true",100,90,0,4,1,,,,1000,3000,,,,,,,,,,,,,,,,,"true",,50,"death_pixel_01",,,
"env_gen_fence_01_vertical_02","TID_DECO_NAME","sc/level_forest.sc","env_gen_fence_01_vertical_02",,,"Object","Ground","Forest",,,,"true",,"true",90,90,-4,4,10,,,,1000,3000,,,,,,,,,,,,,,,,,"true",,50,"death_pixel_01",,,
"env_gen_fence_01_vertical_03","TID_DECO_NAME","sc/level_forest.sc","env_gen_fence_01_vertical_03",,,"Object","Ground","Forest",,,,"true",,"true",90,90,-4,4,10,,,,1000,3000,,,,,,,,,,,,,,,,,"true",,50,"death_pixel_01",,,
"env_gen_bridge_wood_01","TID_DECO_NAME","sc/level_forest.sc","env_gen_bridge_wood_01",,,"Base","Ground","Forest",,,,,,,,,,,,,,,,,,,,,,,,,,,,,,,,,,,,,,,
"env_helicopter_base","TID_DECO_NAME","sc/home_buildings.sc","b_heli_t1_base_01",,,"Base","Ground","Forest",,,,,,,,,,,,,,,4000,4000,,,,,,,,,,,,,,,,,,,,,,,
"env_gen_tent_03","TID_DECO_NAME","sc/level_forest.sc","env_gen_tent_03",,,"Object","Ground","Forest",,,,"true",,"true",100,70,-4,0,15,,,,2000,2000,,,,,,,,,,,,,,,,,,,,,,,
"env_forest_bush_10","TID_DECO_NAME","sc/level_forest.sc","env_forest_bush_10",,,"Object","Ground","Forest",,,,"true",,"true",100,60,-4,15,25,,,,2000,2000,,"BreakBush",,,,,,,,,,,,,,,"true",,25,"death_pixel_01",,,
"env_forest_bush_11","TID_DECO_NAME","sc/level_forest.sc","env_forest_bush_11",,,"Object","Ground","Forest",,,,"true",,"true",100,60,-4,30,25,,,,2000,2000,,"BreakBush",,,,,,,,,,,,,,,"true",,25,"death_pixel_01",,,
"env_forest_bush_12","TID_DECO_NAME","sc/level_forest.sc","env_forest_bush_12",,,"Object","Ground","Forest",,,,"true",,"true",100,60,-7,30,25,,,,2000,2000,,"BreakBush",,,,,,,,,,,,,,,"true",,25,"death_pixel_01",,,
"env_forest_container_01","TID_DECO_NAME","sc/level_forest.sc","env_forest_container_01",,,"Object","Ground","Forest",,,,"true",,"true",90,60,-4,50,0,,,,,,,"BreakWood",,,,,,,,,,,,,,,"true",,25,"death_pixel_01",,,
"env_forest_leaves_01","TID_DECO_NAME","sc/level_forest.sc","env_forest_leaves_01",,,"Object","Ground","Forest",,,,,,,90,-90,-3,3,5,,,,,,,,,,,,,,,,,,,,,,"true",,50,"death_pixel_01",,,
"env_forest_leaves_02","TID_DECO_NAME","sc/level_forest.sc","env_forest_leaves_02",,,"Object","Ground","Forest",,,,,,,90,-90,-3,3,5,,,,,,,,,,,,,,,,,,,,,,"true",,50,"death_pixel_01",,,
"env_forest_leaves_03","TID_DECO_NAME","sc/level_forest.sc","env_forest_leaves_03",,,"Object","Ground","Forest",,,,,,,90,-90,-3,3,5,,,,,,,,,,,,,,,,,,,,,,"true",,50,"death_pixel_01",,,
"env_forest_leaves_04","TID_DECO_NAME","sc/level_forest.sc","env_forest_leaves_04",,,"Object","Ground","Forest",,,,,,,90,-90,-3,3,5,,,,,,,,,,,,,,,,,,,,,,"true",,50,"death_pixel_01",,,
"env_forest_log_04","TID_DECO_NAME","sc/level_forest.sc","env_forest_log_04",,,"Object","Ground","Forest",,,,"true",,"true",-90,90,-4,10,10,,,,3000,1000,,"tree_break",,,,,,,,,,,,,,,"true",,25,"death_pixel_01",,,
"env_forest_log_05","TID_DECO_NAME","sc/level_forest.sc","env_forest_log_05",,,"Object","Ground","Forest",,,,"true",,"true",90,-100,-4,10,10,,,,3000,1000,,"tree_break",,,,,,,,,,,,,,,"true",,25,"death_pixel_01",,,
"env_forest_mushroom_02","TID_DECO_NAME","sc/level_forest.sc","env_forest_mushroom_02",,,"Object","Ground","Forest",,,,,"true","true",90,60,-4,15,25,,,,,,,,,,,,,,,,,,,,,,,,,,,,
"env_forest_portapotty_01","TID_DECO_NAME","sc/level_forest.sc","env_forest_portapotty_01",,,"Object","Ground","Forest",,,,"true",,"true",90,60,-4,5,25,,,,,,,"BreakWood",,,,,,,,,,,,,,,"true",,25,"death_pixel_01",,,
"env_forest_radar_01","TID_DECO_NAME","sc/level_forest.sc","env_forest_radar_01",,,"Object","Ground","Forest",,,,"true",,"true",90,60,-4,50,25,,,,,,,"BreakWood",,,,,,,,,,,,,,,"true",,25,"death_pixel_01",,,
"env_forest_stone_10","TID_DECO_NAME","sc/level_forest.sc","env_forest_stone_10",,,"Object","Ground","Forest",,,,,,,100,60,-10,50,25,,,,,,,,,,,,,,,,,,,,,,"true",,50,"death_pixel_01",,,
"env_forest_stone_11","TID_DECO_NAME","sc/level_forest.sc","env_forest_stone_11",,,"Object","Ground","Forest",,,,,,,90,60,-4,30,15,,,,,,,,,,,,,,,,,,,,,,"true",,50,"death_pixel_01",,,
"env_forest_stone_12","TID_DECO_NAME","sc/level_forest.sc","env_forest_stone_12",,,"Object","Ground","Forest",,,,,,,90,60,-4,30,25,,,,,,,,,,,,,,,,,,,,,,"true",,50,"death_pixel_01",,,
"env_forest_tree_a_01","TID_DECO_NAME","sc/level_forest.sc","env_forest_tree_a_01",,,"Object","Ground","Forest",,,,"true",,"true",90,60,-4,0,25,,,,1000,1000,,,,,,,,,,,,,,,,,,,,,,,
"env_forest_tree_b_01","TID_DECO_NAME","sc/level_forest.sc","env_forest_tree_b_01",,,"Object","Ground","Forest",,,,"true",,"true",90,60,-4,0,25,,,,1000,1000,,,,,,,,,,,,,,,,,,,,,,,
"env_forest_tree_c_01","TID_DECO_NAME","sc/level_forest.sc","env_forest_tree_c_01",,,"Object","Ground","Forest",,,,"true",,"true",90,60,-4,0,25,,,,1000,1000,,,,,,,,,,,,,,,,,,,,,,,
"env_forest_tree_d_01","TID_DECO_NAME","sc/level_forest.sc","env_forest_tree_d_01",,,"Object","Ground","Forest",,,,"true",,"true",90,60,-4,0,25,,,,1000,1000,,,,,,,,,,,,,,,,,,,,,,,
"env_forest_tree_e_01","TID_DECO_NAME","sc/level_forest.sc","env_forest_tree_e_01",,,"Object","Ground","Forest",,,,"true",,"true",90,60,-4,0,25,,,,1000,1000,,,,,,,,,,,,,,,,,,,,,,,
"env_forest_tree_f_01","TID_DECO_NAME","sc/level_forest.sc","env_forest_tree_f_01",,,"Object","Ground","Forest",,,,"true",,"true",90,60,-4,0,25,,,,1000,1000,,,,,,,,,,,,,,,,,,,,,,,
"env_forest_tree_group_01","TID_DECO_NAME","sc/level_forest.sc","env_forest_tree_group_01",,,"Object","Ground","Forest",,,,"true",,"true",90,60,-4,0,25,,,,1000,1000,,,,,,,,,,,,,,,,,,,,,,,
"env_forest_tree_round_a_01","TID_DECO_NAME","sc/level_forest.sc","env_forest_tree_round_a_01",,,"Object","Ground","Forest",,,,"true",,"true",90,60,-4,0,25,,,,1000,1000,,,,,,,,,,,,,,,,,,,,,,,
"env_forest_tree_round_b_01","TID_DECO_NAME","sc/level_forest.sc","env_forest_tree_round_b_01",,,"Object","Ground","Forest",,,,"true",,"true",90,60,-4,0,25,,,,1000,1000,,,,,,,,,,,,,,,,,,,,,,,
"env_forest_tree_round_c_01","TID_DECO_NAME","sc/level_forest.sc","env_forest_tree_round_c_01",,,"Object","Ground","Forest",,,,"true",,"true",90,60,-4,0,25,,,,1000,1000,,,,,,,,,,,,,,,,,,,,,,,
"env_forest_tree_round_d_01","TID_DECO_NAME","sc/level_forest.sc","env_forest_tree_round_d_01",,,"Object","Ground","Forest",,,,"true",,"true",90,60,-4,0,25,,,,1000,1000,,,,,,,,,,,,,,,,,,,,,,,
"env_forest_tree_round_e_01","TID_DECO_NAME","sc/level_forest.sc","env_forest_tree_round_e_01",,,"Object","Ground","Forest",,,,"true",,"true",90,60,-4,0,25,,,,1000,1000,,,,,,,,,,,,,,,,,,,,,,,
"env_forest_twig_01","TID_DECO_NAME","sc/level_forest.sc","env_forest_twig_01",,,"Base","Ground","Forest",,,,,,,90,-80,-4,3,25,,,,,,,,,,,,,,,,,,,,,,,,,,,,
"env_forest_twig_02","TID_DECO_NAME","sc/level_forest.sc","env_forest_twig_02",,,"Base","Ground","Forest",,,,,,,90,-80,-4,2,25,,,,,,,,,,,,,,,,,,,,,,,,,,,,
"env_forest_twig_03","TID_DECO_NAME","sc/level_forest.sc","env_forest_twig_03",,,"Base","Ground","Forest",,,,,,,90,-80,-2,3,5,,,,,,,,,,,,,,,,,,,,,,,,,,,,
"env_forest_pebble_01","TID_DECO_NAME","sc/level_forest.sc","env_forest_pebble_01",,,"Base","Ground","Forest",,,,,,,100,80,-3,7,25,,,,,,,,,,,,,,,,,,,,,,,,,,,,
"env_forest_pebble_02","TID_DECO_NAME","sc/level_forest.sc","env_forest_pebble_02",,,"Base","Ground","Forest",,,,,,,100,80,-2,2,25,,,,,,,,,,,,,,,,,,,,,,,,,,,,
"env_forest_pebble_03","TID_DECO_NAME","sc/level_forest.sc","env_forest_pebble_03",,,"Base","Ground","Forest",,,,,,,100,80,-3,5,25,,,,,,,,,,,,,,,,,,,,,,,,,,,,
"env_gen_chainsaw_01","TID_DECO_NAME","sc/level_forest.sc","env_gen_chainsaw_01",,,"Object","Ground","Forest",,,,"true",,"true",90,-80,-4,8,25,,,,,,,"BreakWood",,,,,,,,,,,,,,,"true",,25,"death_pixel_01",,,
"env_gen_crate_05","TID_DECO_NAME","sc/level_forest.sc","env_gen_crate_05",,,"Object","Ground","Forest",,,,"true",,"true",100,80,-4,20,25,,,,1000,1000,,"BreakWood",,,,,,,,,,,,,,,"true",,25,"death_pixel_01",,,
"env_forest_watchtower_01","TID_DECO_NAME","sc/level_forest.sc","env_forest_watchtower_01",,,"Object","Ground","Forest",,,,"true",,"true",90,60,-4,30,25,,,,,,,"BreakWood",,,,,,,,,,,,,,,"true",,25,"death_pixel_01",,,
"env_vfx_butterfly_01","TID_DECO_NAME","sc/home_buildings.sc","env_vfx_butterfly_01",,,"Object","Ground","Forest",,,,,,,90,-60,-4,20,25,,,,2000,2000,,,,,,,,,,,,,,,,,"true",,50,"death_pixel_01",,,
"env_vfx_lightray_01","TID_DECO_NAME","sc/home_buildings.sc","env_vfx_lightray_01",,,"Above","Ground","Forest",,,,,,,,,,,,,,,,,,,,,,,,,,,,,,,,,"true",,50,"death_pixel_01",,,
"env_vfx_leaf_01","TID_DECO_NAME","sc/home_buildings.sc","env_vfx_leaf_01",,,"Above","Ground","Forest",,,,,,,,,,,,,,,,,,,,,,,,,,,,,,,,,"true",,50,"death_pixel_01",,,
"env_forest_stone_13","TID_DECO_NAME","sc/level_forest.sc","env_forest_stone_13",,,"Object","Ground","Forest",,,,,,,100,60,-4,15,15,,,,2000,2000,,,,,,,,,,,,,,,,,"true",,50,"death_pixel_01",,,
"env_forest_stone_14","TID_DECO_NAME","sc/level_forest.sc","env_forest_stone_14",,,"Object","Ground","Forest",,,,,,,100,60,-4,15,15,,,,2000,2000,,,,,,,,,,,,,,,,,"true",,50,"death_pixel_01",,,
"env_gen_bumper_cement_01","TID_DECO_NAME","sc/level_forest.sc","env_gen_bumper_cement_01",,,"Object","Ground","Forest",,,,"true",,"true",100,90,-3,15,0,,,,,,,,,,,,,,,,,,,,,,,,,,,,
"env_gen_bumper_cement_02","TID_DECO_NAME","sc/level_forest.sc","env_gen_bumper_cement_02",,,"Object","Ground","Forest",,,,"true",,"true",100,90,-3,15,0,,,,,,,,,,,,,,,,,,,,,,,,,,,,
"env_gen_bumper_cement_03","TID_DECO_NAME","sc/level_forest.sc","env_gen_bumper_cement_03",,,"Object","Ground","Forest",,,,"true",,"true",100,90,-3,15,0,,,,,,,,,,,,,,,,,,,,,,,,,,,,
"env_gen_bumper_cement_04","TID_DECO_NAME","sc/level_forest.sc","env_gen_bumper_cement_04",,,"Object","Ground","Forest",,,,"true",,"true",100,90,-3,15,0,,,,,,,,,,,,,,,,,,,,,,,,,,,,
"env_gen_bumper_cement_05","TID_DECO_NAME","sc/level_forest.sc","env_gen_bumper_cement_05",,,"Object","Ground","Forest",,,,"true",,"true",100,90,-3,15,0,,,,,,,,,,,,,,,,,,,,,,,,,,,,
"env_gen_bumper_cement_06","TID_DECO_NAME","sc/level_forest.sc","env_gen_bumper_cement_06",,,"Object","Ground","Forest",,,,"true",,"true",100,90,-3,15,0,,,,,,,,,,,,,,,,,,,,,,,,,,,,
"env_gen_bumper_cement_07","TID_DECO_NAME","sc/level_forest.sc","env_gen_bumper_cement_07",,,"Object","Ground","Forest",,,,"true",,"true",100,90,-3,15,0,,,,,,,,,,,,,,,,,,,,,,,,,,,,
"env_megacity_building_a_01","TID_DECO_NAME","sc/level_megacity.sc","env_megacity_building_a_01",,,"Object","Ground","Megacity",,,,"true",,"true",90,70,-2,20,15,,,,,,,"BreakWood",,,,,,,,,,,,,,,"true",,25,"death_pixel_01",,,
"env_megacity_building_b_01","TID_DECO_NAME","sc/level_megacity.sc","env_megacity_building_b_01",,,"Object","Ground","Megacity",,,,"true",,"true",90,70,-2,-90,15,,,,,,,"BreakWood",,,,,,,,,,,,,,,"true",,25,"death_pixel_01",,,
"env_megacity_building_c_01","TID_DECO_NAME","sc/level_megacity.sc","env_megacity_building_c_01",,,"Object","Ground","Megacity",,,,"true",,"true",90,70,-2,-2,15,,,,,,,"BreakWood",,,,,,,,,,,,,,,"true",,25,"death_pixel_01",,,
"env_megacity_building_d_01","TID_DECO_NAME","sc/level_megacity.sc","env_megacity_building_d_01",,,"Object","Ground","Megacity",,,,"true",,"true",90,70,-2,-2,15,,,,,,,"BreakWood",,,,,,,,,,,,,,,"true",,25,"death_pixel_01",,,
"Empty_012","TID_DECO_NAME","sc/ui.sc","texture_missing_icon",,,"Object","Ground","Forest",,,,,,,,,,,,,,,,,,,,,,,,,,,,,,,,,,,,,,,
"Empty_013","TID_DECO_NAME","sc/ui.sc","texture_missing_icon",,,"Object","Ground","Forest",,,,,,,,,,,,,,,,,,,,,,,,,,,,,,,,,,,,,,,
"Empty_014","TID_DECO_NAME","sc/ui.sc","texture_missing_icon",,,"Object","Ground","Forest",,,,,,,,,,,,,,,,,,,,,,,,,,,,,,,,,,,,,,,
"env_megacity_shrine_01","TID_DECO_NAME","sc/level_megacity.sc","env_megacity_shrine_01",,,"Object","Ground","Megacity",,,,"true",,"true",90,70,-2,-2,15,,,,,,,"BreakWood",,,,,,,,,,,,,,,"true",,25,"death_pixel_01",,,
"Empty_015","TID_DECO_NAME","sc/ui.sc","texture_missing_icon",,,"Object","Ground","Forest",,,,,,,,,,,,,,,,,,,,,,,,,,,,,,,,,,,,,,,
"env_megacity_bridge_01","TID_DECO_NAME","sc/level_megacity.sc","env_megacity_bridge_01",,,"Base","Ground","Megacity",,,,,,,,,,,,,,,,,,,,,,,,,,,,,,,,,,,,,,,
"env_gen_cone_01","TID_DECO_NAME","sc/level_megacity.sc","env_gen_cone_01",,,"Object","Ground","Megacity",,,,"true",,"true",90,90,-2,0,10,,,,1000,1000,,"tombstone_die",,,,,,,,,,,,,,,"true",,25,"death_pixel_01",,,
"env_megacity_drain_01","TID_DECO_NAME","sc/level_megacity.sc","env_megacity_drain_01",,,"Base","Ground","Megacity",,,,,,"true",,,,,,,,,,,,,,,,,,,,,,,,,,,,,,,,,
"env_megacity_robot_01","TID_DECO_NAME","sc/level_megacity.sc","env_megacity_robot_01",,,"Object","Ground","Megacity",,,,"true",,"true",108,70,-2,-2,0,,,,,,,"BreakWood",,,,,,,,,,,,,,,"true",,25,"death_pixel_01",,,
"env_megacity_telepole_01","TID_DECO_NAME","sc/level_megacity.sc","env_megacity_telepole_01",,,"Object","Ground","Megacity",,,,"true",,"true",90,70,0,0,10,,,,,,,"BreakWood",,,,,,,,,,,,,,,"true",,25,"death_pixel_01",,,
"env_megacity_train_01","TID_DECO_NAME","sc/level_megacity.sc","env_megacity_train_01",,,"Ground","Ground","Megacity",,,,,,,,,,,,,,,,,,,,,,,,,,,,,,,,,,,,,,,
"env_megacity_vendingmachine_01","TID_DECO_NAME","sc/level_megacity.sc","env_megacity_vendingmachine_01",,,"Object","Ground","Megacity",,,,"true",,"true",108,70,-2,-2,0,,,,,,,"BreakWood",,,,,,,,,,,,,,,"true",,25,"death_pixel_01",,,
"env_megacity_water_01","TID_DECO_NAME","sc/level_megacity.sc","env_megacity_water_01",,,"Ground","Ground","Megacity",,,,,,,,,,,,,,,,,,,,,,,,,,,,,,,,,,,,,"CityWater","SE",
"env_megacity_water_02","TID_DECO_NAME","sc/level_megacity.sc","env_megacity_water_02",,,"Ground","Ground","Megacity",,,,,,,,,,,,,,,,,,,,,,,,,,,,,,,,,,,,,"CityWater","S",
"env_megacity_water_03","TID_DECO_NAME","sc/level_megacity.sc","env_megacity_water_03",,,"Ground","Ground","Megacity",,,,,,,,,,,,,,,,,,,,,,,,,,,,,,,,,,,,,"CityWater","SE_IN",
"env_megacity_water_04","TID_DECO_NAME","sc/level_megacity.sc","env_megacity_water_04",,,"Ground","Ground","Megacity",,,,,,,,,,,,,,,,,,,,,,,,,,,,,,,,,,,,,"CityWater","E",
"env_megacity_water_05","TID_DECO_NAME","sc/level_megacity.sc","env_megacity_water_05",,,"Ground","Ground","Megacity",,,,,,,,,,,,,,,,,,,,,,,,,,,,,,,,,,,,,"CityWater","NE_IN",
"env_megacity_water_06","TID_DECO_NAME","sc/level_megacity.sc","env_megacity_water_06",,,"Ground","Ground","Megacity",,,,,,,,,,,,,,,,,,,,,,,,,,,,,,,,,,,,,"CityWater","N",
"env_megacity_water_07","TID_DECO_NAME","sc/level_megacity.sc","env_megacity_water_07",,,"Ground","Ground","Megacity",,,,,,,,,,,,,,,,,,,,,,,,,,,,,,,,,,,,,"CityWater","NE",
"env_megacity_water_08","TID_DECO_NAME","sc/level_megacity.sc","env_megacity_water_08",,,"Ground","Ground","Megacity",,,,,,,,,,,,,,,,,,,,,,,,,,,,,,,,,,,,,"CityWater","MID",
"env_megacity_water_09","TID_DECO_NAME","sc/level_megacity.sc","env_megacity_water_09",,,"Ground","Ground","Megacity",,,,,,,,,,,,,,,,,,,,,,,,,,,,,,,,,,,,,"CityWater","SW",
"env_megacity_water_10","TID_DECO_NAME","sc/level_megacity.sc","env_megacity_water_10",,,"Ground","Ground","Megacity",,,,,,,,,,,,,,,,,,,,,,,,,,,,,,,,,,,,,"CityWater","SW_IN",
"env_megacity_water_11","TID_DECO_NAME","sc/level_megacity.sc","env_megacity_water_11",,,"Ground","Ground","Megacity",,,,,,,,,,,,,,,,,,,,,,,,,,,,,,,,,,,,,"CityWater","W",
"env_megacity_water_12","TID_DECO_NAME","sc/level_megacity.sc","env_megacity_water_12",,,"Ground","Ground","Megacity",,,,,,,,,,,,,,,,,,,,,,,,,,,,,,,,,,,,,"CityWater","NW_IN",
"env_megacity_water_13","TID_DECO_NAME","sc/level_megacity.sc","env_megacity_water_13",,,"Ground","Ground","Megacity",,,,,,,,,,,,,,,,,,,,,,,,,,,,,,,,,,,,,"CityWater","NW",
"env_megacity_water_corner_01","TID_DECO_NAME","sc/level_megacity.sc","env_megacity_water_corner_01",,,"Ground","Ground","Megacity",,,,,,,,,,,,,,,,,,,,,,,,,,,,,,,,,,,,,,,
"env_megacity_water_corner_02","TID_DECO_NAME","sc/level_megacity.sc","env_megacity_water_corner_02",,,"Ground","Ground","Megacity",,,,,,,,,,,,,,,,,,,,,,,,,,,,,,,,,,,,,,,
"env_megacity_water_corner_03","TID_DECO_NAME","sc/level_megacity.sc","env_megacity_water_corner_03",,,"Ground","Ground","Megacity",,,,,,,,,,,,,,,,,,,,,,,,,,,,,,,,,,,,,,,
"env_megacity_water_corner_04","TID_DECO_NAME","sc/level_megacity.sc","env_megacity_water_corner_04",,,"Ground","Ground","Megacity",,,,,,,,,,,,,,,,,,,,,,,,,,,,,,,,,,,,,,,
"env_megacity_water_donut_01","TID_DECO_NAME","sc/level_megacity.sc","env_megacity_water_donut_01",,,"Ground","Ground","Megacity",,,,,,,,,,,,,,,,,,,,,,,,,,,,,,,,,,,,,,,
"env_megacity_water_donut_02","TID_DECO_NAME","sc/level_megacity.sc","env_megacity_water_donut_02",,,"Ground","Ground","Megacity",,,,,,,,,,,,,,,,,,,,,,,,,,,,,,,,,,,,,,,
"env_megacity_water_donut_03","TID_DECO_NAME","sc/level_megacity.sc","env_megacity_water_donut_03",,,"Ground","Ground","Megacity",,,,,,,,,,,,,,,,,,,,,,,,,,,,,,,,,,,,,,,
"env_megacity_water_donut_04","TID_DECO_NAME","sc/level_megacity.sc","env_megacity_water_donut_04",,,"Ground","Ground","Megacity",,,,,,,,,,,,,,,,,,,,,,,,,,,,,,,,,,,,,,,
"env_megacity_water_donut_05","TID_DECO_NAME","sc/level_megacity.sc","env_megacity_water_donut_05",,,"Ground","Ground","Megacity",,,,,,,,,,,,,,,,,,,,,,,,,,,,,,,,,,,,,,,
"env_megacity_water_donut_06","TID_DECO_NAME","sc/level_megacity.sc","env_megacity_water_donut_06",,,"Ground","Ground","Megacity",,,,,,,,,,,,,,,,,,,,,,,,,,,,,,,,,,,,,,,
"env_megacity_water_donut_07","TID_DECO_NAME","sc/level_megacity.sc","env_megacity_water_donut_07",,,"Ground","Ground","Megacity",,,,,,,,,,,,,,,,,,,,,,,,,,,,,,,,,,,,,,,
"env_megacity_water_donut_08","TID_DECO_NAME","sc/level_megacity.sc","env_megacity_water_donut_08",,,"Ground","Ground","Megacity",,,,,,,,,,,,,,,,,,,,,,,,,,,,,,,,,,,,,,,
"env_megacity_water_straight_01","TID_DECO_NAME","sc/level_megacity.sc","env_megacity_water_straight_01",,,"Ground","Ground","Megacity",,,,,,,,,,,,,,,,,,,,,,,,,,,,,,,,,,,,,,,
"env_megacity_water_straight_02","TID_DECO_NAME","sc/level_megacity.sc","env_megacity_water_straight_02",,,"Ground","Ground","Megacity",,,,,,,,,,,,,,,,,,,,,,,,,,,,,,,,,,,,,,,
"env_megacity_water_straight_03","TID_DECO_NAME","sc/level_megacity.sc","env_megacity_water_straight_03",,,"Ground","Ground","Megacity",,,,,,,,,,,,,,,,,,,,,,,,,,,,,,,,,,,,,,,
"env_gen_vfx_cherryblossom_01","TID_DECO_NAME","sc/level_megacity.sc","env_gen_vfx_cherryblossom_01",,,"Above","Ground","Megacity",,,,,,,,,,,,,,,,,,,,,,,,,,,,,,,,,"true",,50,"death_pixel_01",,,
"env_megacity_grass_2x2_01","TID_DECO_NAME","sc/level_megacity.sc","env_megacity_grass_2x2_01",,,"Ground","Ground","Megacity",,,,,,"true",,,,,,,,,,,,,,,,,,,,,,,,,,,,,,,,,
"env_megacity_grass_3x3_01","TID_DECO_NAME","sc/level_megacity.sc","env_megacity_grass_3x3_01",,,"Ground","Ground","Megacity",,,,,,"true",,,,,,,,,,,,,,,,,,,,,,,,,,,,,,,,,
"env_megacity_grass_4x4_01","TID_DECO_NAME","sc/level_megacity.sc","env_megacity_grass_4x4_01",,,"Ground","Ground","Megacity",,,,,,"true",,,,,,,,,,,,,,,,,,,,,,,,,,,,,,,,,
"env_megacity_grass_corner_01","TID_DECO_NAME","sc/level_megacity.sc","env_megacity_grass_corner_01",,,"Ground","Ground","Megacity",,,,,,"true",,,,,,,,,,,,,,,,,,,,,,,,,,,,,,,,,
"env_megacity_grass_corner_02","TID_DECO_NAME","sc/level_megacity.sc","env_megacity_grass_corner_02",,,"Ground","Ground","Megacity",,,,,,"true",,,,,,,,,,,,,,,,,,,,,,,,,,,,,,,,,
"env_megacity_grass_corner_03","TID_DECO_NAME","sc/level_megacity.sc","env_megacity_grass_corner_03",,,"Ground","Ground","Megacity",,,,,,"true",,,,,,,,,,,,,,,,,,,,,,,,,,,,,,,,,
"env_megacity_grass_corner_04","TID_DECO_NAME","sc/level_megacity.sc","env_megacity_grass_corner_04",,,"Ground","Ground","Megacity",,,,,,"true",,,,,,,,,,,,,,,,,,,,,,,,,,,,,,,,,
"env_megacity_grass_fill_01","TID_DECO_NAME","sc/level_megacity.sc","env_megacity_grass_fill_01",,,"Ground","Ground","Megacity",,,,,,"true",,,,,,,,,,,,,,,,,,,,,,,,,,,,,,,,,
"env_megacity_grass_l_01","TID_DECO_NAME","sc/level_megacity.sc","env_megacity_grass_l_01",,,"Ground","Ground","Megacity",,,,,,"true",,,,,,,,,,,,,,,,,,,,,,,,,,,,,,,,,
"env_megacity_grass_l_02","TID_DECO_NAME","sc/level_megacity.sc","env_megacity_grass_l_02",,,"Ground","Ground","Megacity",,,,,,"true",,,,,,,,,,,,,,,,,,,,,,,,,,,,,,,,,
"env_megacity_grass_straight_01","TID_DECO_NAME","sc/level_megacity.sc","env_megacity_grass_straight_01",,,"Ground","Ground","Megacity",,,,,,"true",,,,,,,,,,,,,,,,,,,,,,,,,,,,,,,,,
"env_megacity_grass_straight_02","TID_DECO_NAME","sc/level_megacity.sc","env_megacity_grass_straight_02",,,"Ground","Ground","Megacity",,,,,,"true",,,,,,,,,,,,,,,,,,,,,,,,,,,,,,,,,
"env_megacity_grass_straight_03","TID_DECO_NAME","sc/level_megacity.sc","env_megacity_grass_straight_03",,,"Ground","Ground","Megacity",,,,,,"true",,,,,,,,,,,,,,,,,,,,,,,,,,,,,,,,,
"env_megacity_grass_straight_04","TID_DECO_NAME","sc/level_megacity.sc","env_megacity_grass_straight_04",,,"Ground","Ground","Megacity",,,,,,"true",,,,,,,,,,,,,,,,,,,,,,,,,,,,,,,,,
"env_megacity_underground_01","TID_DECO_NAME","sc/level_megacity.sc","env_megacity_underground_01",,,"Ground","Ground","Megacity",,,,,,,,,,,,,,,,,,,,,,,,,,,,,,,,,,,,,,"SE",
"env_megacity_crate_01","TID_DECO_NAME","sc/level_megacity.sc","env_megacity_crate_01",,,"Object","Ground","Megacity",,,,"true",,"true",90,90,-2,-2,15,,,,1000,1000,,"BreakWood",,,,,,,,,,,,,,,"true",,25,"death_pixel_01",,,
"env_megacity_gatcha_01","TID_DECO_NAME","sc/level_megacity.sc","env_megacity_gatcha_01",,,"Object","Ground","Megacity",,,,"true",,"true",90,70,-2,-2,15,,,,1000,1000,,,,,,,,,,,,,,,,,"true",,25,"death_pixel_01",,,
"env_megacity_gatcha_02","TID_DECO_NAME","sc/level_megacity.sc","env_megacity_gatcha_02",,,"Object","Ground","Megacity",,,,"true",,"true",90,70,-2,-2,15,,,,1000,1000,,,,,,,,,,,,,,,,,"true",,25,"death_pixel_01",,,
"env_megacity_gatcha_03","TID_DECO_NAME","sc/level_megacity.sc","env_megacity_gatcha_03",,,"Object","Ground","Megacity",,,,"true",,"true",90,70,-2,-2,15,,,,1000,1000,,,,,,,,,,,,,,,,,"true",,25,"death_pixel_01",,,
"env_megacity_arcade_01","TID_DECO_NAME","sc/level_megacity.sc","env_megacity_arcade_01",,,"Object","Ground","Megacity",,,,"true",,"true",90,70,-2,-2,15,,,,1000,1000,,,,,,,,,,,,,,,,,"true",,25,"death_pixel_01",,,
"env_megacity_arcade_02","TID_DECO_NAME","sc/level_megacity.sc","env_megacity_arcade_02",,,"Object","Ground","Megacity",,,,"true",,"true",90,70,-2,-2,15,,,,1000,1000,,,,,,,,,,,,,,,,,"true",,25,"death_pixel_01",,,
"env_megacity_bridge_02","TID_DECO_NAME","sc/level_megacity.sc","env_megacity_bridge_02",,,"Base","Ground","Megacity",,,,,,,,,,,,,,,,,,,,,,,,,,,,,,,,,,,,,,,
"env_gen_sign_01","TID_DECO_NAME","sc/level_megacity.sc","env_gen_sign_01",,,"Object","Ground","Megacity",,,,"true",,"true",90,90,-4,0,10,,,,1000,1000,,"tombstone_die",,,,,,,,,,,,,,,"true",,25,"death_pixel_01",,,
"env_gen_tires_01","TID_DECO_NAME","sc/level_megacity.sc","env_gen_tires_01",,,"Object","Ground","Megacity",,,,"true",,"true",90,90,-4,0,10,,,,1000,1000,,"tombstone_die",,,,,,,,,,,,,,,"true",,25,"death_pixel_01",,,
"env_gen_trashcan_01","TID_DECO_NAME","sc/level_megacity.sc","env_gen_trashcan_01",,,"Object","Ground","Megacity",,,,"true",,"true",90,90,-4,0,10,,,,1000,1000,,"tombstone_die",,,,,,,,,,,,,,,"true",,25,"death_pixel_01",,,
"env_gen_barrel_ice_01","TID_DECO_NAME","sc/level_megacity.sc","env_gen_barrel_ice_01",,,"Object","Ground","Megacity",,,,"true",,"true",95,60,0,4,8,,,,1000,1000,,,,,,,,,,,,,,,,"env_gen_barrel_ice_01_die","true",,25,"death_pixel_01",,,
"env_gen_barrel_poison_01","TID_DECO_NAME","sc/level_megacity.sc","env_gen_barrel_poison_01",,,"Object","Ground","Megacity",,,,"true",,"true",95,60,0,4,8,,,,1000,1000,,,,,,,,,,,,,,,,"env_gen_barrel_poison_01_die","true",,25,"death_pixel_01",,,
"env_gen_barrel_radioactive_01","TID_DECO_NAME","sc/level_megacity.sc","env_gen_barrel_radioactive_01",,,"Object","Ground","Megacity",,,,"true",,"true",95,60,0,4,8,,,,1000,1000,,,,,,,,,,,,,,,,"env_gen_barrel_radioactive_01_die","true",,25,"death_pixel_01",,,
"env_megacity_telepole_02","TID_DECO_NAME","sc/level_megacity.sc","env_megacity_telepole_02",,,"Object","Ground","Megacity",,,,"true",,"true",90,70,0,0,10,,,,,,,,,,,,,,,,,,,,,,"true",,25,"death_pixel_01",,,
"env_megacity_telepole_03","TID_DECO_NAME","sc/level_megacity.sc","env_megacity_telepole_03",,,"Object","Ground","Megacity",,,,"true",,"true",90,70,-2,-2,15,,,,,,,,,,,,,,,,,,,,,,"true",,25,"death_pixel_01",,,
"env_megacity_vendingmachine_02","TID_DECO_NAME","sc/level_megacity.sc","env_megacity_vendingmachine_02",,,"Object","Ground","Megacity",,,,"true",,"true",90,70,-2,-2,15,,,,,,,,,,,,,,,,,,,,,,"true",,25,"death_pixel_01",,,
"env_megacity_vendingmachine_03","TID_DECO_NAME","sc/level_megacity.sc","env_megacity_vendingmachine_03",,,"Object","Ground","Megacity",,,,"true",,"true",90,70,-2,-2,15,,,,,,,,,,,,,,,,,,,,,,"true",,25,"death_pixel_01",,,
"env_megacity_robot_02","TID_DECO_NAME","sc/level_megacity.sc","env_megacity_robot_02",,,"Object","Ground","Megacity",,,,"true",,"true",90,70,-2,-2,15,,,,,,,,,,,,,,,,,,,,,,"true",,25,"death_pixel_01",,,
"env_megacity_sewer_01","TID_DECO_NAME","sc/level_megacity.sc","env_megacity_sewer_01",,,"Base","Ground","Megacity",,,,,,"true",,,,,,,,,,,,,,,,,,,,,,,,,,,,,,,,,
"env_megacity_hydrant_01","TID_DECO_NAME","sc/level_megacity.sc","env_megacity_hydrant_01",,,"Object","Ground","Megacity",,,,"true",,"true",90,90,-4,0,10,,,,1000,1000,,"tombstone_die",,,,,,,,,,,,,,,"true",,25,"death_pixel_01",,,
"env_megacity_building_a_02","TID_DECO_NAME","sc/level_megacity.sc","env_megacity_building_a_02",,,"Object","Ground","Megacity",,,,,,,90,70,-2,10,15,,,,,,,,,,,,,,,,,,,,,,"true",,25,"death_pixel_01",,,
"env_megacity_building_b_02","TID_DECO_NAME","sc/level_megacity.sc","env_megacity_building_b_02",,,"Object","Ground","Megacity",,,,,,,90,70,-2,-90,15,,,,,,,,,,,,,,,,,,,,,,"true",,25,"death_pixel_01",,,
"env_megacity_building_c_02","TID_DECO_NAME","sc/level_megacity.sc","env_megacity_building_c_02",,,"Object","Ground","Megacity",,,,,,,90,70,-2,10,15,,,,,,,,,,,,,,,,,,,,,,"true",,25,"death_pixel_01",,,
"env_megacity_building_a_03","TID_DECO_NAME","sc/level_megacity.sc","env_megacity_building_a_03",,,"Object","Ground","Megacity",,,,,,,90,70,-2,10,15,,,,,,,,,,,,,,,,,,,,,,"true",,25,"death_pixel_01",,,
"env_megacity_building_b_03","TID_DECO_NAME","sc/level_megacity.sc","env_megacity_building_b_03",,,"Object","Ground","Megacity",,,,,,,90,70,-2,-90,15,,,,,,,,,,,,,,,,,,,,,,"true",,25,"death_pixel_01",,,
"env_megacity_building_c_03","TID_DECO_NAME","sc/level_megacity.sc","env_megacity_building_c_03",,,"Object","Ground","Megacity",,,,,,,90,70,-2,10,15,,,,,,,,,,,,,,,,,,,,,,"true",,25,"death_pixel_01",,,
"env_desert_bones_01","TID_DECO_NAME","sc/level_desert.sc","env_desert_bones_01",,,"Object","Ground","Desert",,,,,,,,,,,,,,,1000,1000,,,,,,,,,,,,,,,,,"true",,25,"death_pixel_01",,,
"Empty_016","TID_DECO_NAME","sc/ui.sc","texture_missing_icon",,,"Object","Ground","Forest",,,,,,,,,,,,,,,,,,,,,,,,,,,,,,,,,,,,,,,
"env_desert_bridge_01","TID_DECO_NAME","sc/level_desert.sc","env_desert_bridge_01",,,"Base","Ground","Desert",,,,,,,,,,,,,,,,,,,,,,,,,,,,,,,,,,,,,,,
"env_desert_bridge_02","TID_DECO_NAME","sc/level_desert.sc","env_desert_bridge_02",,,"Base","Ground","Desert",,,,,,,,,,,,,,,,,,,,,,,,,,,,,,,,,,,,,,,
"env_desert_cactus_01","TID_DECO_NAME","sc/level_desert.sc","env_desert_cactus_01",,,"Object","Ground","Desert",,,,,,,90,90,0,0,10,,,,1000,1000,,,,,,,,,,,,,,,,,"true",,25,"death_pixel_01",,,
"env_desert_cactus_02","TID_DECO_NAME","sc/level_desert.sc","env_desert_cactus_02",,,"Object","Ground","Desert",,,,,,,90,90,0,0,10,,,,1000,1000,,,,,,,,,,,,,,,,,"true",,25,"death_pixel_01",,,
"env_desert_cactus_03","TID_DECO_NAME","sc/level_desert.sc","env_desert_cactus_03",,,"Object","Ground","Desert",,,,,,,90,90,0,0,10,,,,1000,1000,,,,,,,,,,,,,,,,,"true",,25,"death_pixel_01",,,
"env_desert_grass_01","TID_DECO_NAME","sc/level_desert.sc","env_desert_grass_01",,,"Base","Ground","Desert",,,,,,,,,,,,,,,1000,1000,,,,,,,,,,,,,,,,,"true",,25,"death_pixel_01",,,
"env_desert_grass_02","TID_DECO_NAME","sc/level_desert.sc","env_desert_grass_02",,,"Base","Ground","Desert",,,,,,,,,,,,,,,1000,1000,,,,,,,,,,,,,,,,,"true",,25,"death_pixel_01",,,
"env_desert_grass_03","TID_DECO_NAME","sc/level_desert.sc","env_desert_grass_03",,,"Base","Ground","Desert",,,,,,,,,,,,,,,1000,1000,,,,,,,,,,,,,,,,,"true",,25,"death_pixel_01",,,
"env_desert_grass_04","TID_DECO_NAME","sc/level_desert.sc","env_desert_grass_04",,,"Base","Ground","Desert",,,,,,,,,,,,,,,1000,1000,,,,,,,,,,,,,,,,,"true",,25,"death_pixel_01",,,
"env_desert_hazard_01","TID_DECO_NAME","sc/level_desert.sc","env_desert_hazard_01",,,"Object","Ground","Desert",,,,,,,90,90,0,0,10,,,,1000,1000,,,,,,,,,,,,,,,,,"true",,25,"death_pixel_01",,,
"env_desert_mountain_01","TID_DECO_NAME","sc/level_desert.sc","env_desert_mountain_01",,,"Object","Ground","Desert",,,,,,,90,90,0,0,10,,,,,,,,,,,,,,,,,,,,,,,,,,,,
"env_desert_mountain_02","TID_DECO_NAME","sc/level_desert.sc","env_desert_mountain_02",,,"Object","Ground","Desert",,,,,,,90,90,0,0,10,,,,,,,,,,,,,,,,,,,,,,,,,,,,
"env_desert_mountain_03","TID_DECO_NAME","sc/level_desert.sc","env_desert_mountain_03",,,"Object","Ground","Desert",,,,,,,,,,,,,,,,,,,,,,,,,,,,,,,,,,,,,,,
"env_desert_rock_01","TID_DECO_NAME","sc/level_desert.sc","env_desert_rock_01",,,"Object","Ground","Desert",,,,,,,90,90,0,0,10,,,,,,,,,,,,,,,,,,,,,,,,,,,,
"env_desert_rock_02","TID_DECO_NAME","sc/level_desert.sc","env_desert_rock_02",,,"Object","Ground","Desert",,,,,,,90,90,0,0,10,,,,,,,,,,,,,,,,,,,,,,,,,,,,
"env_desert_rock_03","TID_DECO_NAME","sc/level_desert.sc","env_desert_rock_03",,,"Object","Ground","Desert",,,,,,,90,90,0,0,10,,,,,,,,,,,,,,,,,,,,,,,,,,,,
"env_desert_rock_04","TID_DECO_NAME","sc/level_desert.sc","env_desert_rock_04",,,"Object","Ground","Desert",,,,,,,,,,,,,,,,,"sand_blowing_01",,,,,,,,,,,,,,,,,,,,,,
"env_desert_sign_01","TID_DECO_NAME","sc/level_desert.sc","env_desert_sign_01",,,"Object","Ground","Desert",,,,,,,90,90,0,0,10,,,,1000,1000,,,,,,,,,,,,,,,,,"true",,25,"death_pixel_01",,,
"env_desert_tent_01","TID_DECO_NAME","sc/level_desert.sc","env_desert_tent_01",,,"Object","Ground","Desert",,,,,,,90,90,0,0,10,,,,1000,1000,,,,,,,,,,,,,,,,,"true",,25,"death_pixel_01",,,
"env_desert_tumbleweed_01","TID_DECO_NAME","sc/level_desert.sc","env_desert_tumbleweed_01",,,"Object","Ground","Desert",,,,,,,,,,,,,,,1000,1000,,,,,,,,,,,,,,,,,"true",,25,"death_pixel_01",,,
"env_desert_ufo_01","TID_DECO_NAME","sc/level_desert.sc","env_desert_ufo_01",,,"Object","Ground","Desert",,,,,,,90,60,3,18,10,,,,1000,1000,,,,,,,,,,,,,,,,,"true",,25,"death_pixel_01",,,
"env_megacity_islands_01","TID_DECO_NAME","sc/level_megacity.sc","env_megacity_islands_01",,,"Object","Ground","Megacity",,,,,,,90,90,-8,25,0,,,,1000,1000,,,,,,,,,,,,,,,,,"true",,25,"death_pixel_01",,,
"env_megacity_islands_02","TID_DECO_NAME","sc/level_megacity.sc","env_megacity_islands_02",,,"Object","Ground","Megacity",,,,,,,90,90,0,15,0,,,,5000,1000,,,,,,,,,,,,,,,,,"true",,25,"death_pixel_01",,,
"env_megacity_islands_03","TID_DECO_NAME","sc/level_megacity.sc","env_megacity_islands_03",,,"Ground","Ground","Megacity",,,,,,,,,,,,,,,,,,,,,,,,,,,,,,,,,"true",,25,"death_pixel_01",,,
"env_desert_cactus_04","TID_DECO_NAME","sc/level_desert.sc","env_desert_cactus_04",,,"Object","Ground","Desert",,,,,,,90,90,0,0,10,,,,1000,1000,,,,,,,,,,,,,,,,,,,,,,,
"env_desert_crate_01","TID_DECO_NAME","sc/level_desert.sc","env_desert_crate_01",,,"Object","Ground","Desert",,,,"true",,"true",90,90,0,0,10,,,,1000,1000,,"BreakWood",,,,,,,,,,,,,,,"true",,25,"death_pixel_01",,,
"env_desert_crate_02","TID_DECO_NAME","sc/level_desert.sc","env_desert_crate_02",,,"Object","Ground","Desert",,,,"true",,"true",90,90,0,0,10,,,,1000,1000,,"BreakWood",,,,,,,,,,,,,,,"true",,25,"death_pixel_01",,,
"env_desert_meteor_01","TID_DECO_NAME","sc/level_desert.sc","env_desert_meteor_01",,,"Object","Ground","Desert",,,,,,,,,,,,,,,1000,1000,,,,,,,,,,,,,,,,,"true",,25,"death_pixel_01",,,
"env_desert_truck_01","TID_DECO_NAME","sc/level_desert.sc","env_desert_truck_01",,,"Object","Ground","Desert",,,,,,,90,90,0,0,10,,,,1000,1000,,,,,,,,,,,,,,,,,"true",,25,"death_pixel_01",,,
"env_desert_barrel_01","TID_DECO_NAME","sc/level_desert.sc","env_desert_barrel_01",,,"Object","Ground","Desert",,,,,,,90,90,0,0,10,,,,1000,1000,,,,,,,,,,,,,,,,,"true",,25,"death_pixel_01",,,
"env_desert_barrel_02","TID_DECO_NAME","sc/level_desert.sc","env_desert_barrel_02",,,"Object","Ground","Desert",,,,,,,90,90,0,0,10,,,,1000,1000,,,,,,,,,,,,,,,,,"true",,25,"death_pixel_01",,,
"env_desert_sand_01","TID_DECO_NAME","sc/level_desert.sc","env_desert_sand_01",,,"Base","Ground","Desert",,,,,,,,,,,,,,,,,,,,,,,,,,,,,,,,,,,,,,,
"env_desert_sand_02","TID_DECO_NAME","sc/level_desert.sc","env_desert_sand_02",,,"Base","Ground","Desert",,,,,,,,,,,,,,,,,,,,,,,,,,,,,,,,,,,,,,,
"env_desert_mountain_04","TID_DECO_NAME","sc/level_desert.sc","env_desert_mountain_04",,,"Object","Ground","Desert",,,,,,,,,,,,,,,,,,,,,,,,,,,,,,,,,,,,,,,
"env_desert_water_01","TID_DECO_NAME","sc/level_desert.sc","env_desert_water_01",,,"Ground","Ground","Desert",,,,,,,,,,,,,,,,,,,,,,,,,,,,,,,,,,,,,"DesertWater","SE",
"env_desert_water_02","TID_DECO_NAME","sc/level_desert.sc","env_desert_water_02",,,"Ground","Ground","Desert",,,,,,,,,,,,,,,,,,,,,,,,,,,,,,,,,,,,,"DesertWater","S",
"env_desert_water_03","TID_DECO_NAME","sc/level_desert.sc","env_desert_water_03",,,"Ground","Ground","Desert",,,,,,,,,,,,,,,,,,,,,,,,,,,,,,,,,,,,,"DesertWater","SE_IN",
"env_desert_water_04","TID_DECO_NAME","sc/level_desert.sc","env_desert_water_04",,,"Ground","Ground","Desert",,,,,,,,,,,,,,,,,,,,,,,,,,,,,,,,,,,,,"DesertWater","E",
"env_desert_water_05","TID_DECO_NAME","sc/level_desert.sc","env_desert_water_05",,,"Ground","Ground","Desert",,,,,,,,,,,,,,,,,,,,,,,,,,,,,,,,,,,,,"DesertWater","NE_IN",
"env_desert_water_06","TID_DECO_NAME","sc/level_desert.sc","env_desert_water_06",,,"Ground","Ground","Desert",,,,,,,,,,,,,,,,,,,,,,,,,,,,,,,,,,,,,"DesertWater","N",
"env_desert_water_07","TID_DECO_NAME","sc/level_desert.sc","env_desert_water_07",,,"Ground","Ground","Desert",,,,,,,,,,,,,,,,,,,,,,,,,,,,,,,,,,,,,"DesertWater","NE",
"env_desert_water_08","TID_DECO_NAME","sc/level_desert.sc","env_desert_water_08",,,"Ground","Ground","Desert",,,,,,,,,,,,,,,,,,,,,,,,,,,,,,,,,,,,,"DesertWater","MID",
"env_desert_water_09","TID_DECO_NAME","sc/level_desert.sc","env_desert_water_09",,,"Ground","Ground","Desert",,,,,,,,,,,,,,,,,,,,,,,,,,,,,,,,,,,,,"DesertWater","SW",
"env_desert_water_10","TID_DECO_NAME","sc/level_desert.sc","env_desert_water_10",,,"Ground","Ground","Desert",,,,,,,,,,,,,,,,,,,,,,,,,,,,,,,,,,,,,"DesertWater","SW_IN",
"env_desert_water_11","TID_DECO_NAME","sc/level_desert.sc","env_desert_water_11",,,"Ground","Ground","Desert",,,,,,,,,,,,,,,,,,,,,,,,,,,,,,,,,,,,,"DesertWater","W",
"env_desert_water_12","TID_DECO_NAME","sc/level_desert.sc","env_desert_water_12",,,"Ground","Ground","Desert",,,,,,,,,,,,,,,,,,,,,,,,,,,,,,,,,,,,,"DesertWater","NW_IN",
"env_desert_water_13","TID_DECO_NAME","sc/level_desert.sc","env_desert_water_13",,,"Ground","Ground","Desert",,,,,,,,,,,,,,,,,,,,,,,,,,,,,,,,,,,,,"DesertWater","NW",
"env_desert_water_corner_01","TID_DECO_NAME","sc/level_desert.sc","env_desert_water_corner_01",,,"Ground","Ground","Desert",,,,,,,,,,,,,,,,,,,,,,,,,,,,,,,,,,,,,,,
"env_desert_water_corner_02","TID_DECO_NAME","sc/level_desert.sc","env_desert_water_corner_02",,,"Ground","Ground","Desert",,,,,,,,,,,,,,,,,,,,,,,,,,,,,,,,,,,,,,,
"env_desert_water_corner_03","TID_DECO_NAME","sc/level_desert.sc","env_desert_water_corner_03",,,"Ground","Ground","Desert",,,,,,,,,,,,,,,,,,,,,,,,,,,,,,,,,,,,,,,
"env_desert_water_corner_04","TID_DECO_NAME","sc/level_desert.sc","env_desert_water_corner_04",,,"Ground","Ground","Desert",,,,,,,,,,,,,,,,,,,,,,,,,,,,,,,,,,,,,,,
"env_desert_water_donut_01","TID_DECO_NAME","sc/level_desert.sc","env_desert_water_donut_01",,,"Ground","Ground","Desert",,,,,,,,,,,,,,,,,,,,,,,,,,,,,,,,,,,,,,,
"env_desert_water_donut_02","TID_DECO_NAME","sc/level_desert.sc","env_desert_water_donut_02",,,"Ground","Ground","Desert",,,,,,,,,,,,,,,,,,,,,,,,,,,,,,,,,,,,,,,
"env_desert_water_donut_03","TID_DECO_NAME","sc/level_desert.sc","env_desert_water_donut_03",,,"Ground","Ground","Desert",,,,,,,,,,,,,,,,,,,,,,,,,,,,,,,,,,,,,,,
"env_desert_water_donut_04","TID_DECO_NAME","sc/level_desert.sc","env_desert_water_donut_04",,,"Ground","Ground","Desert",,,,,,,,,,,,,,,,,,,,,,,,,,,,,,,,,,,,,,,
"env_desert_water_donut_05","TID_DECO_NAME","sc/level_desert.sc","env_desert_water_donut_05",,,"Ground","Ground","Desert",,,,,,,,,,,,,,,,,,,,,,,,,,,,,,,,,,,,,,,
"env_desert_water_donut_06","TID_DECO_NAME","sc/level_desert.sc","env_desert_water_donut_06",,,"Ground","Ground","Desert",,,,,,,,,,,,,,,,,,,,,,,,,,,,,,,,,,,,,,,
"env_desert_water_donut_07","TID_DECO_NAME","sc/level_desert.sc","env_desert_water_donut_07",,,"Ground","Ground","Desert",,,,,,,,,,,,,,,,,,,,,,,,,,,,,,,,,,,,,,,
"env_desert_water_donut_08","TID_DECO_NAME","sc/level_desert.sc","env_desert_water_donut_08",,,"Ground","Ground","Desert",,,,,,,,,,,,,,,,,,,,,,,,,,,,,,,,,,,,,,,
"env_desert_water_straight_01","TID_DECO_NAME","sc/level_desert.sc","env_desert_water_straight_01",,,"Ground","Ground","Desert",,,,,,,,,,,,,,,,,,,,,,,,,,,,,,,,,,,,,,,
"env_desert_water_straight_02","TID_DECO_NAME","sc/level_desert.sc","env_desert_water_straight_02",,,"Ground","Ground","Desert",,,,,,,,,,,,,,,,,,,,,,,,,,,,,,,,,,,,,,,
"env_desert_water_straight_03","TID_DECO_NAME","sc/level_desert.sc","env_desert_water_straight_03",,,"Ground","Ground","Desert",,,,,,,,,,,,,,,,,,,,,,,,,,,,,,,,,,,,,,,
"env_desert_stone_01","TID_DECO_NAME","sc/level_desert.sc","env_desert_stone_01",,,"Object","Ground","Desert",,,,,,,90,90,0,0,10,,,,1000,1000,,,,,,,,,,,,,,,,,"true",,25,"death_pixel_01",,,
"env_desert_stone_02","TID_DECO_NAME","sc/level_desert.sc","env_desert_stone_02",,,"Object","Ground","Desert",,,,,,,90,90,0,0,10,,,,1000,1000,,,,,,,,,,,,,,,,,"true",,25,"death_pixel_01",,,
"env_desert_stone_03","TID_DECO_NAME","sc/level_desert.sc","env_desert_stone_03",,,"Object","Ground","Desert",,,,,,,90,90,0,0,10,,,,1000,1000,,,,,,,,,,,,,,,,,"true",,25,"death_pixel_01",,,
"env_desert_stone_04","TID_DECO_NAME","sc/level_desert.sc","env_desert_stone_04",,,"Object","Ground","Desert",,,,,,,90,90,0,0,10,,,,1000,1000,,,,,,,,,,,,,,,,,"true",,25,"death_pixel_01",,,
"env_desert_fence_01","TID_DECO_NAME","sc/level_desert.sc","env_desert_fence_01",,,"Object","Ground","Desert",,,,,,,90,90,0,0,10,,,,1000,1000,,,,,,,,,,,,,,,,,"true",,25,"death_pixel_01",,,
"env_desert_fence_02","TID_DECO_NAME","sc/level_desert.sc","env_desert_fence_02",,,"Object","Ground","Desert",,,,,,,90,90,0,0,10,,,,1000,1000,,,,,,,,,,,,,,,,,"true",,25,"death_pixel_01",,,
"env_forest_stone_15","TID_DECO_NAME","sc/level_forest.sc","env_forest_stone_15",,,"Object","Ground","Forest",,,,,,,90,90,0,0,10,,,,1000,1000,,,,,,,,,,,,,,,,,"true",,50,"death_pixel_01",,,
"env_forest_stone_16","TID_DECO_NAME","sc/level_forest.sc","env_forest_stone_16",,,"Object","Ground","Forest",,,,,,,90,90,0,0,10,,,,1000,1000,,,,,,,,,,,,,,,,,"true",,50,"death_pixel_01",,,
"env_forest_stone_17","TID_DECO_NAME","sc/level_forest.sc","env_forest_stone_17",,,"Object","Ground","Forest",,,,,,,90,90,0,0,10,,,,1000,1000,,,,,,,,,,,,,,,,,"true",,50,"death_pixel_01",,,
"env_forest_stone_18","TID_DECO_NAME","sc/level_forest.sc","env_forest_stone_18",,,"Object","Ground","Forest",,,,,,,90,90,0,0,10,,,,1000,1000,,,,,,,,,,,,,,,,,"true",,50,"death_pixel_01",,,
"env_water_transition_01","TID_DECO_NAME","sc/home_buildings.sc","env_water_transition_01",,,"Base","Ground","Forest",,,,,,,,,,,,,,,,,,,,,,,,,,,,,,,,,"true",,50,"death_pixel_01",,,
"env_water_transition_02","TID_DECO_NAME","sc/home_buildings.sc","env_water_transition_02",,,"Base","Ground","Forest",,,,,,,,,,,,,,,,,,,,,,,,,,,,,,,,,"true",,50,"death_pixel_01",,,
"env_desert_stone_05","TID_DECO_NAME","sc/level_desert.sc","env_desert_stone_05",,,"Object","Ground","Desert",,,,,,,,,,,,,,,2000,2000,,,,,,,,,,,,,,,,,"true",,25,"death_pixel_01",,,
"env_desert_stone_06","TID_DECO_NAME","sc/level_desert.sc","env_desert_stone_06",,,"Object","Ground","Desert",,,,,,,,,,,,,,,2000,2000,,,,,,,,,,,,,,,,,"true",,25,"death_pixel_01",,,
"env_desert_wooden_barrel_01","TID_DECO_NAME","sc/level_desert.sc","env_desert_wooden_barrel_01",,,"Object","Ground","Desert",,,,"true",,"true",90,90,0,0,10,,,,1000,1000,,"BreakWood",,,,,,,,,,,,,,,"true",,25,"death_pixel_01",,,
"env_desert_wooden_barrel_02","TID_DECO_NAME","sc/level_desert.sc","env_desert_wooden_barrel_02",,,"Object","Ground","Desert",,,,"true",,"true",90,90,0,0,10,,,,1000,1000,,"BreakWood",,,,,,,,,,,,,,,"true",,25,"death_pixel_01",,,
"env_desert_flower_01","TID_DECO_NAME","sc/level_desert.sc","env_desert_flower_01",,,"Object","Ground","Desert",,,,,,,90,90,0,5,10,,,,,,,,,,,,,,,,,,,,,,,,,,,,
"env_desert_flower_02","TID_DECO_NAME","sc/level_desert.sc","env_desert_flower_02",,,"Object","Ground","Desert",,,,,,,90,90,0,5,10,,,,,,,,,,,,,,,,,,,,,,,,,,,,
"env_desert_flower_03","TID_DECO_NAME","sc/level_desert.sc","env_desert_flower_03",,,"Object","Ground","Desert",,,,,,,90,90,0,5,10,,,,,,,,,,,,,,,,,,,,,,,,,,,,
"env_desert_cactus_05","TID_DECO_NAME","sc/level_desert.sc","env_desert_cactus_05",,,"Object","Ground","Desert",,,,,,,90,90,0,0,10,,,,,,,,,,,,,,,,,,,,,,,,,,,,
"env_desert_wooden_crate_01","TID_DECO_NAME","sc/level_desert.sc","env_desert_wooden_crate_01",,,"Object","Ground","Desert",,,,"true",,"true",90,90,0,0,10,,,,1000,1000,,"BreakWood",,,,,,,,,,,,,,,"true",,25,"death_pixel_01",,,
"env_desert_wooden_crate_02","TID_DECO_NAME","sc/level_desert.sc","env_desert_wooden_crate_02",,,"Object","Ground","Desert",,,,"true",,"true",90,90,0,0,10,,,,1000,1000,,"BreakWood",,,,,,,,,,,,,,,"true",,25,"death_pixel_01",,,
"env_desert_wooden_crate_03","TID_DECO_NAME","sc/level_desert.sc","env_desert_wooden_crate_03",,,"Object","Ground","Desert",,,,"true",,"true",90,90,0,0,10,,,,1000,2000,,"BreakWood",,,,,,,,,,,,,,,"true",,25,"death_pixel_01",,,
"env_desert_hazmat_idle1_1","TID_DECO_NAME","sc/level_desert.sc","env_desert_hazmat_idle1_1",,,"Object","Ground","Desert",,,,,,,90,90,0,0,10,,,,1000,1000,,,,,,,,,,,,,,,,,"true",,25,"death_pixel_01",,,
"env_desert_hazmat_idle1_2","TID_DECO_NAME","sc/level_desert.sc","env_desert_hazmat_idle1_2",,,"Object","Ground","Desert",,,,,,,90,90,0,0,10,,,,1000,1000,,,,,,,,,,,,,,,,,"true",,25,"death_pixel_01",,,
"env_desert_hazmat_idle1_3","TID_DECO_NAME","sc/level_desert.sc","env_desert_hazmat_idle1_3",,,"Object","Ground","Desert",,,,,,,90,90,0,0,10,,,,1000,1000,,,,,,,,,,,,,,,,,"true",,25,"death_pixel_01",,,
"env_desert_hazmat_idle1_4","TID_DECO_NAME","sc/level_desert.sc","env_desert_hazmat_idle1_4",,,"Object","Ground","Desert",,,,,,,90,90,0,0,10,,,,1000,1000,,,,,,,,,,,,,,,,,"true",,25,"death_pixel_01",,,
"env_desert_hazmat_idle1_5","TID_DECO_NAME","sc/level_desert.sc","env_desert_hazmat_idle1_5",,,"Object","Ground","Desert",,,,,,,90,90,0,0,10,,,,1000,1000,,,,,,,,,,,,,,,,,"true",,25,"death_pixel_01",,,
"env_desert_hazmat_idle1_6","TID_DECO_NAME","sc/level_desert.sc","env_desert_hazmat_idle1_6",,,"Object","Ground","Desert",,,,,,,90,90,0,0,10,,,,1000,1000,,,,,,,,,,,,,,,,,"true",,25,"death_pixel_01",,,
"env_desert_hazmat_idle1_7","TID_DECO_NAME","sc/level_desert.sc","env_desert_hazmat_idle1_7",,,"Object","Ground","Desert",,,,,,,90,90,0,0,10,,,,1000,1000,,,,,,,,,,,,,,,,,"true",,25,"death_pixel_01",,,
"env_desert_hazmat_idle2_1","TID_DECO_NAME","sc/level_desert.sc","env_desert_hazmat_idle2_1",,,"Object","Ground","Desert",,,,,,,90,90,0,0,10,,,,1000,1000,,,,,,,,,,,,,,,,,"true",,25,"death_pixel_01",,,
"env_desert_hazmat_idle2_2","TID_DECO_NAME","sc/level_desert.sc","env_desert_hazmat_idle2_2",,,"Object","Ground","Desert",,,,,,,90,90,0,0,10,,,,1000,1000,,,,,,,,,,,,,,,,,"true",,25,"death_pixel_01",,,
"env_desert_hazmat_idle2_3","TID_DECO_NAME","sc/level_desert.sc","env_desert_hazmat_idle2_3",,,"Object","Ground","Desert",,,,,,,90,90,0,0,10,,,,1000,1000,,,,,,,,,,,,,,,,,"true",,25,"death_pixel_01",,,
"env_desert_hazmat_idle2_4","TID_DECO_NAME","sc/level_desert.sc","env_desert_hazmat_idle2_4",,,"Object","Ground","Desert",,,,,,,90,90,0,0,10,,,,1000,1000,,,,,,,,,,,,,,,,,"true",,25,"death_pixel_01",,,
"env_desert_hazmat_idle2_5","TID_DECO_NAME","sc/level_desert.sc","env_desert_hazmat_idle2_5",,,"Object","Ground","Desert",,,,,,,90,90,0,0,10,,,,1000,1000,,,,,,,,,,,,,,,,,"true",,25,"death_pixel_01",,,
"env_desert_hazmat_idle2_6","TID_DECO_NAME","sc/level_desert.sc","env_desert_hazmat_idle2_6",,,"Object","Ground","Desert",,,,,,,90,90,0,0,10,,,,1000,1000,,,,,,,,,,,,,,,,,"true",,25,"death_pixel_01",,,
"env_desert_hazmat_idle2_7","TID_DECO_NAME","sc/level_desert.sc","env_desert_hazmat_idle2_7",,,"Object","Ground","Desert",,,,,,,90,90,0,0,10,,,,1000,1000,,,,,,,,,,,,,,,,,"true",,25,"death_pixel_01",,,
"env_desert_hazmat_poke1_1","TID_DECO_NAME","sc/level_desert.sc","env_desert_hazmat_poke1_1",,,"Object","Ground","Desert",,,,,,,90,90,0,0,10,,,,1000,1000,,,,,,,,,,,,,,,,,"true",,25,"death_pixel_01",,,
"env_desert_hazmat_poke1_2","TID_DECO_NAME","sc/level_desert.sc","env_desert_hazmat_poke1_2",,,"Object","Ground","Desert",,,,,,,90,90,0,0,10,,,,1000,1000,,,,,,,,,,,,,,,,,"true",,25,"death_pixel_01",,,
"env_desert_hazmat_poke1_3","TID_DECO_NAME","sc/level_desert.sc","env_desert_hazmat_poke1_3",,,"Object","Ground","Desert",,,,,,,90,90,0,0,10,,,,1000,1000,,,,,,,,,,,,,,,,,"true",,25,"death_pixel_01",,,
"env_desert_hazmat_poke1_4","TID_DECO_NAME","sc/level_desert.sc","env_desert_hazmat_poke1_4",,,"Object","Ground","Desert",,,,,,,90,90,0,0,10,,,,1000,1000,,,,,,,,,,,,,,,,,"true",,25,"death_pixel_01",,,
"env_desert_hazmat_poke1_5","TID_DECO_NAME","sc/level_desert.sc","env_desert_hazmat_poke1_5",,,"Object","Ground","Desert",,,,,,,90,90,0,0,10,,,,1000,1000,,,,,,,,,,,,,,,,,"true",,25,"death_pixel_01",,,
"env_desert_hazmat_poke1_6","TID_DECO_NAME","sc/level_desert.sc","env_desert_hazmat_poke1_6",,,"Object","Ground","Desert",,,,,,,90,90,0,0,10,,,,1000,1000,,,,,,,,,,,,,,,,,"true",,25,"death_pixel_01",,,
"env_desert_hazmat_poke1_7","TID_DECO_NAME","sc/level_desert.sc","env_desert_hazmat_poke1_7",,,"Object","Ground","Desert",,,,,,,90,90,0,0,10,,,,1000,1000,,,,,,,,,,,,,,,,,"true",,25,"death_pixel_01",,,
"env_desert_wooden_barrel_03","TID_DECO_NAME","sc/level_desert.sc","env_desert_wooden_barrel_03",,,"Object","Ground","Desert",,,,"true",,"true",90,90,0,0,10,,,,1000,1000,,"BreakWood",,,,,,,,,,,,,,,"true",,25,"death_pixel_01",,,
"env_desert_alien_plant_01","TID_DECO_NAME","sc/level_desert.sc","env_desert_alien_plant_01",,,"Object","Ground","Desert",,,,,,,90,90,0,0,10,,,,1000,1000,,,,,,,,,,,,,,,,,"true",,25,"death_pixel_01",,,
"env_desert_wooden_crate_04","TID_DECO_NAME","sc/level_desert.sc","env_desert_wooden_crate_04",,,"Object","Ground","Desert",,,,"true",,"true",90,90,0,0,10,,,,2000,1000,,"BreakWood",,,,,,,,,,,,,,,"true",,25,"death_pixel_01",,,
"env_desert_footprint_01","TID_DECO_NAME","sc/level_desert.sc","env_desert_footprint_01",,,"Base","Ground","Desert",,,,,,,,,,,,,,,1000,1000,,,,,,,,,,,,,,,,,,,,,,,
"env_desert_footprint_02","TID_DECO_NAME","sc/level_desert.sc","env_desert_footprint_02",,,"Base","Ground","Desert",,,,,,,,,,,,,,,1000,1000,,,,,,,,,,,,,,,,,,,,,,,
"env_desert_tarp_01","TID_DECO_NAME","sc/level_desert.sc","env_desert_tarp_01",,,"Object","Ground","Desert",,,,"true",,"true",90,90,0,0,10,,,,1000,1000,,,,,,,,,,,,,,,,,,,,,,,
"env_desert_crate_03","TID_DECO_NAME","sc/level_desert.sc","env_desert_crate_03",,,"Object","Ground","Desert",,,,"true",,"true",90,90,0,0,10,,,,1000,1000,,"BreakWood",,,,,,,,,,,,,,,"true",,25,"death_pixel_01",,,
"env_desert_bones_02","TID_DECO_NAME","sc/level_desert.sc","env_desert_bones_02",,,"Base","Ground","Desert",,,,,,,,,,,,,,,,,,,,,,,,,,,,,,,,,,,,,,,
"env_desert_bones_03","TID_DECO_NAME","sc/level_desert.sc","env_desert_bones_03",,,"Base","Ground","Desert",,,,,,,,,,,,,,,,,,,,,,,,,,,,,,,,,,,,,,,
"env_desert_bones_04","TID_DECO_NAME","sc/level_desert.sc","env_desert_bones_04",,,"Base","Ground","Desert",,,,,,,,,,,,,,,,,,,,,,,,,,,,,,,,,,,,,,,
"env_desert_bones_05","TID_DECO_NAME","sc/level_desert.sc","env_desert_bones_05",,,"Base","Ground","Desert",,,,,,,,,,,,,,,,,,,,,,,,,,,,,,,,,,,,,,,
"env_desert_tile_01","TID_DECO_NAME","sc/level_desert.sc","env_desert_tile_01",,,"Ground","Ground","Desert",,,,,,,,,,,,,,,,,,,,,,,,,,,,,,,,,,,,,,,
"env_gen_seagull_01","TID_DECO_NAME","sc/level_desert.sc","env_gen_seagull_01",,,"Above","Ground","Desert",,,,"true",,"true",,,,,,,,,,,,,,,,,,,,,,,,,,,,,,,,,
"env_gen_barrel_ice_01_die","TID_DECO_NAME","sc/level_megacity.sc","env_gen_barrel_ice_01_explode",,,"Object","Object","Megacity","true",,,,,,90,80,-2,0,10,,,,1000,1000,,"BarrelExplosion",,,,,,,,,,,2500,100,1000,,,,,,,,"Freeze"
"env_gen_barrel_poison_01_die","TID_DECO_NAME","sc/level_megacity.sc","env_gen_barrel_poison_01_explode",,,"Object","Object","Megacity","true",,,,,,90,80,-2,0,10,,,,1000,1000,,"BarrelExplosion",,,,,,,,,,,2500,100,1000,,,,,,,,"Poison"
"env_gen_barrel_radioactive_01_die","TID_DECO_NAME","sc/level_megacity.sc","env_gen_barrel_radioactive_01_explode",,,"Object","Object","Megacity","true",,,,,,90,80,-2,0,10,,,,1000,1000,,"BarrelExplosion",,,,,,,,,,,2500,100,1000,,,,,,,,"Poison"
"home_phone_booth_tips","TID_DECO_NAME","sc/level_forest.sc","home_phone_booth_tips",,,"Object","Ground","Forest",,,,,,,100,70,-2,15,35,,,,1000,1000,,,,,,,,,,,,,,,,,"true",,50,"death_pixel_01",,,
"env_arctic_water_01","TID_DECO_NAME","sc/level_arctic.sc","env_arctic_water_01",,,"Ground","Ground","Arctic",,,,,,,,,,,,,,,,,,,,,,,,,,,,,,,,,,,,,"ArcticWater","SE",
"env_arctic_water_02","TID_DECO_NAME","sc/level_arctic.sc","env_arctic_water_02",,,"Ground","Ground","Arctic",,,,,,,,,,,,,,,,,,,,,,,,,,,,,,,,,,,,,"ArcticWater","S",
"env_arctic_water_03","TID_DECO_NAME","sc/level_arctic.sc","env_arctic_water_03",,,"Ground","Ground","Arctic",,,,,,,,,,,,,,,,,,,,,,,,,,,,,,,,,,,,,"ArcticWater","SE_IN",
"env_arctic_water_04","TID_DECO_NAME","sc/level_arctic.sc","env_arctic_water_04",,,"Ground","Ground","Arctic",,,,,,,,,,,,,,,,,,,,,,,,,,,,,,,,,,,,,"ArcticWater","E",
"env_arctic_water_05","TID_DECO_NAME","sc/level_arctic.sc","env_arctic_water_05",,,"Ground","Ground","Arctic",,,,,,,,,,,,,,,,,,,,,,,,,,,,,,,,,,,,,"ArcticWater","NE_IN",
"env_arctic_water_06","TID_DECO_NAME","sc/level_arctic.sc","env_arctic_water_06",,,"Ground","Ground","Arctic",,,,,,,,,,,,,,,,,,,,,,,,,,,,,,,,,,,,,"ArcticWater","N",
"env_arctic_water_07","TID_DECO_NAME","sc/level_arctic.sc","env_arctic_water_07",,,"Ground","Ground","Arctic",,,,,,,,,,,,,,,,,,,,,,,,,,,,,,,,,,,,,"ArcticWater","NE",
"env_arctic_water_08","TID_DECO_NAME","sc/level_arctic.sc","env_arctic_water_08",,,"Ground","Ground","Arctic",,,,,,,,,,,,,,,,,,,,,,,,,,,,,,,,,,,,,"ArcticWater","MID",
"env_arctic_water_09","TID_DECO_NAME","sc/level_arctic.sc","env_arctic_water_09",,,"Ground","Ground","Arctic",,,,,,,,,,,,,,,,,,,,,,,,,,,,,,,,,,,,,"ArcticWater","SW",
"env_arctic_water_10","TID_DECO_NAME","sc/level_arctic.sc","env_arctic_water_10",,,"Ground","Ground","Arctic",,,,,,,,,,,,,,,,,,,,,,,,,,,,,,,,,,,,,"ArcticWater","SW_IN",
"env_arctic_water_11","TID_DECO_NAME","sc/level_arctic.sc","env_arctic_water_11",,,"Ground","Ground","Arctic",,,,,,,,,,,,,,,,,,,,,,,,,,,,,,,,,,,,,"ArcticWater","W",
"env_arctic_water_12","TID_DECO_NAME","sc/level_arctic.sc","env_arctic_water_12",,,"Ground","Ground","Arctic",,,,,,,,,,,,,,,,,,,,,,,,,,,,,,,,,,,,,"ArcticWater","NW_IN",
"env_arctic_water_13","TID_DECO_NAME","sc/level_arctic.sc","env_arctic_water_13",,,"Ground","Ground","Arctic",,,,,,,,,,,,,,,,,,,,,,,,,,,,,,,,,,,,,"ArcticWater","NW",
"env_arctic_container_01","TID_DECO_NAME","sc/level_arctic.sc","env_arctic_container_01",,,"Object","Ground","Arctic",,,,,,,,,,,,,,,1000,1000,,,,,,,,,,,,,,,,,,,,,,,
"env_arctic_dome_01","TID_DECO_NAME","sc/level_arctic.sc","env_arctic_dome_01",,,"Object","Ground","Arctic",,,,,,,90,90,0,0,10,,,,1000,1000,,,,,,,,,,,,,,,,,,,,,,,
"env_arctic_snow_01","TID_DECO_NAME","sc/level_arctic.sc","env_arctic_snow_01",,,"Object","Ground","Arctic",,,,,,,,,,,,,,,1000,1000,,,,,,,,,,,,,,,,,,,,,,,
"env_arctic_snow_02","TID_DECO_NAME","sc/level_arctic.sc","env_arctic_snow_02",,,"Object","Ground","Arctic",,,,,,,,,,,,,,,1000,1000,,,,,,,,,,,,,,,,,,,,,,,
"env_arctic_snowmobile_01","TID_DECO_NAME","sc/level_arctic.sc","env_arctic_snowmobile_01",,,"Object","Ground","Arctic",,,,,,,90,90,0,0,10,,,,1000,1000,,,,,,,,,,,,,,,,,,,,,,,
"env_arctic_snowmobile_02","TID_DECO_NAME","sc/level_arctic.sc","env_arctic_snowmobile_02",,,"Object","Ground","Arctic",,,,,,,90,90,0,0,10,,,,1000,1000,,,,,,,,,,,,,,,,,,,,,,,
"env_arctic_submarine_01","TID_DECO_NAME","sc/level_arctic.sc","env_arctic_submarine_01",,,"Object","Ground","Arctic",,,,,,,90,90,0,0,10,,,,1000,1000,,,,,,,,,,,,,,,,,,,,,,,
"env_arctic_tent_01","TID_DECO_NAME","sc/level_arctic.sc","env_arctic_tent_01",,,"Object","Ground","Arctic",,,,,,,90,90,0,0,10,,,,1000,1000,,,,,,,,,,,,,,,,,,,,,,,
"env_arctic_container_02","TID_DECO_NAME","sc/level_arctic.sc","env_arctic_container_02",,,"Object","Ground","Arctic",,,,,,,90,90,0,0,10,,,,1000,1000,,,,,,,,,,,,,,,,,,,,,,,
"env_arctic_bridge_01","TID_DECO_NAME","sc/level_arctic.sc","env_arctic_bridge_01",,,"Base","Ground","Arctic",,,,,,,,,,,,,,,,,,,,,,,,,,,,,,,,,,,,,,,
"env_arctic_bridge_02","TID_DECO_NAME","sc/level_arctic.sc","env_arctic_bridge_02",,,"Base","Ground","Arctic",,,,,,,,,,,,,,,,,,,,,,,,,,,,,,,,,,,,,,,
"env_arctic_crate_01","TID_DECO_NAME","sc/level_arctic.sc","env_arctic_crate_01",,,"Object","Ground","Arctic",,,,,,,90,90,0,0,10,,,,1000,1000,,,,,,,,,,,,,,,,,,,,,,,
"env_arctic_crate_02","TID_DECO_NAME","sc/level_arctic.sc","env_arctic_crate_02",,,"Object","Ground","Arctic",,,,,,,90,90,0,0,10,,,,1000,1000,,,,,,,,,,,,,,,,,,,,,,,
"env_arctic_iceblock_01","TID_DECO_NAME","sc/level_arctic.sc","env_arctic_iceblock_01",,,"Object","Ground","Arctic",,,,,,,90,90,0,0,10,,,,1000,1000,,,,,,,,,,,,,,,,,,,,,,,
"env_arctic_iceblock_02","TID_DECO_NAME","sc/level_arctic.sc","env_arctic_iceblock_02",,,"Object","Ground","Arctic",,,,,,,90,90,0,0,10,,,,1000,1000,,,,,,,,,,,,,,,,,,,,,,,
"env_arctic_iceblock_03","TID_DECO_NAME","sc/level_arctic.sc","env_arctic_iceblock_03",,,"Object","Ground","Arctic",,,,,,,90,90,0,0,10,,,,1000,1000,,,,,,,,,,,,,,,,,,,,,,,
"env_arctic_iceblock_04","TID_DECO_NAME","sc/level_arctic.sc","env_arctic_iceblock_04",,,"Object","Ground","Arctic",,,,,,,90,90,0,0,10,,,,1000,1000,,,,,,,,,,,,,,,,,,,,,,,
"env_arctic_icecrack_01","TID_DECO_NAME","sc/level_arctic.sc","env_arctic_icecrack_01",,,"Base","Ground","Arctic",,,,,,,,,,,,,,,,,,,,,,,,,,,,,,,,,,,,,,,
